Order ID,Order Date,Customer ID,Customer Name,Address,City,State,ZIP,Countr_Region,Salesperson,Region,Shipped Date,Shipper Name,Ship Name,Ship Address,Ship City,Ship State,Ship ZIP,Ship Country,Payment Type,Product Name,Category,Unit Price,Quantity,Revenue,Shipping Fee
1001,1/27/14,27,Company AA,789 27th Street,Las Vegas,NV,99999,USA,Mariya Sergienko,West,1/29/14,Shipping Company B,Karen Toh,789 27th Street,Las Vegas,NV,99999,USA,Check,Beer,Beverages,14.00,49,686.00,66.54
1002,1/27/14,27,Company AA,789 27th Street,Las Vegas,NV,99999,USA,Mariya Sergienko,West,1/29/14,Shipping Company B,Karen Toh,789 27th Street,Las Vegas,NV,99999,USA,Check,Dried Plums,Dried Fruit & Nuts,3.50,47,164.50,16.61
1003,1/4/14,4,Company D,123 4th Street,New York,NY,99999,USA,Andrew Cencini,East,1/6/14,Shipping Company A,Christina Lee,123 4th Street,New York,NY,99999,USA,Credit Card,Dried Pears,Dried Fruit & Nuts,30.00,69,2070.00,198.72
1004,1/4/14,4,Company D,123 4th Street,New York,NY,99999,USA,Andrew Cencini,East,1/6/14,Shipping Company A,Christina Lee,123 4th Street,New York,NY,99999,USA,Credit Card,Dried Apples,Dried Fruit & Nuts,53.00,89,4717.00,448.12
1005,1/4/14,4,Company D,123 4th Street,New York,NY,99999,USA,Andrew Cencini,East,1/6/14,Shipping Company A,Christina Lee,123 4th Street,New York,NY,99999,USA,Credit Card,Dried Plums,Dried Fruit & Nuts,3.50,11,38.50,3.73
1006,1/12/14,12,Company L,123 12th Street,Las Vegas,NV,99999,USA,Mariya Sergienko,West,1/14/14,Shipping Company B,John Edwards,123 12th Street,Las Vegas,NV,99999,USA,Credit Card,Chai,Beverages,18.00,81,1458.00,141.43
1007,1/12/14,12,Company L,123 12th Street,Las Vegas,NV,99999,USA,Mariya Sergienko,West,1/14/14,Shipping Company B,John Edwards,123 12th Street,Las Vegas,NV,99999,USA,Credit Card,Coffee,Beverages,46.00,44,2024.00,198.35
1008,1/8/14,8,Company H,123 8th Street,Portland,OR,99999,USA,Nancy Freehafer,North,1/10/14,Shipping Company C,Elizabeth Andersen,123 8th Street,Portland,OR,99999,USA,Credit Card,Chocolate Biscuits Mix,Baked Goods & Mixes,9.20,38,349.60,36.01
1009,1/4/14,4,Company D,123 4th Street,New York,NY,99999,USA,Andrew Cencini,East,1/6/14,Shipping Company C,Christina Lee,123 4th Street,New York,NY,99999,USA,Check,Chocolate Biscuits Mix,Baked Goods & Mixes,9.20,88,809.60,79.34
1010,1/29/14,29,Company CC,789 29th Street,Denver,CO,99999,USA,Jan Kotas,West,1/31/14,Shipping Company B,Soo Jung Lee,789 29th Street,Denver,CO,99999,USA,Check,Chocolate,Candy,12.75,94,1198.50,122.25
1011,1/3/14,3,Company C,123 3rd Street,Los Angelas,CA,99999,USA,Mariya Sergienko,West,1/5/14,Shipping Company B,Thomas Axerr,123 3rd Street,Los Angelas,CA,99999,USA,Cash,Clam Chowder,Soups,9.65,91,878.15,92.21
1012,1/6/14,6,Company F,123 6th Street,Milwaukee,WI,99999,USA,Michael Neipper,North,1/8/14,Shipping Company B,Francisco PŽrez-Olaeta,123 6th Street,Milwaukee,WI,99999,USA,Credit Card,Curry Sauce,Sauces,40.00,32,1280.00,133.12
1013,1/28/14,28,Company BB,789 28th Street,Memphis,TN,99999,USA,Anne Larsen,South,1/30/14,Shipping Company C,Amritansh Raghav,789 28th Street,Memphis,TN,99999,USA,Check,Coffee,Beverages,46.00,55,2530.00,253.00
1014,1/8/14,8,Company H,123 8th Street,Portland,OR,99999,USA,Nancy Freehafer,North,1/10/14,Shipping Company C,Elizabeth Andersen,123 8th Street,Portland,OR,99999,USA,Check,Chocolate,Candy,12.75,47,599.25,61.72
1015,1/10/14,10,Company J,123 10th Street,Chicago,IL,99999,USA,Laura Giussani,East,1/12/14,Shipping Company B,Roland Wacker,123 10th Street,Chicago,IL,99999,USA,Credit Card,Green Tea,Beverages,2.99,90,269.10,27.72
1016,1/7/14,7,Company G,123 7th Street,Boise,ID,99999,USA,Nancy Freehafer,North,NULL,NULL,Ming-Yang Xie,123 7th Street,Boise,ID,99999,USA,NULL,Coffee,Beverages,46.00,24,1104.00,110.40
1017,1/10/14,10,Company J,123 10th Street,Chicago,IL,99999,USA,Laura Giussani,East,1/12/14,Shipping Company A,Roland Wacker,123 10th Street,Chicago,IL,99999,USA,NULL,Boysenberry Spread,"Jams, Preserves",25.00,34,850.00,80.75
1018,1/10/14,10,Company J,123 10th Street,Chicago,IL,99999,USA,Laura Giussani,East,1/12/14,Shipping Company A,Roland Wacker,123 10th Street,Chicago,IL,99999,USA,NULL,Cajun Seasoning,Condiments,22.00,17,374.00,35.90
1019,1/10/14,10,Company J,123 10th Street,Chicago,IL,99999,USA,Laura Giussani,East,1/12/14,Shipping Company A,Roland Wacker,123 10th Street,Chicago,IL,99999,USA,NULL,Chocolate Biscuits Mix,Baked Goods & Mixes,9.20,44,404.80,42.10
1020,1/11/14,11,Company K,123 11th Street,Miami,FL,99999,USA,Anne Larsen,South,NULL,Shipping Company C,Peter Krschne,123 11th Street,Miami,FL,99999,USA,NULL,Dried Plums,Dried Fruit & Nuts,3.50,81,283.50,27.50
1021,1/11/14,11,Company K,123 11th Street,Miami,FL,99999,USA,Anne Larsen,South,NULL,Shipping Company C,Peter Krschne,123 11th Street,Miami,FL,99999,USA,NULL,Green Tea,Beverages,2.99,49,146.51,15.09
1022,1/1/14,1,Company A,123 1st Street,Seattle,WA,99999,USA,Nancy Freehafer,North,NULL,NULL,Anna Bedecs,123 1st Street,Seattle,WA,99999,USA,NULL,Chai,Beverages,18.00,42,756.00,75.60
1023,1/1/14,1,Company A,123 1st Street,Seattle,WA,99999,USA,Nancy Freehafer,North,NULL,NULL,Anna Bedecs,123 1st Street,Seattle,WA,99999,USA,NULL,Coffee,Beverages,46.00,58,2668.00,269.47
1024,1/1/14,1,Company A,123 1st Street,Seattle,WA,99999,USA,Nancy Freehafer,North,NULL,NULL,Anna Bedecs,123 1st Street,Seattle,WA,99999,USA,NULL,Green Tea,Beverages,2.99,67,200.33,20.03
1025,1/28/14,28,Company BB,789 28th Street,Memphis,TN,99999,USA,Anne Larsen,South,1/30/14,Shipping Company C,Amritansh Raghav,789 28th Street,Memphis,TN,99999,USA,Credit Card,Clam Chowder,Soups,9.65,100,965.00,93.61
1026,1/28/14,28,Company BB,789 28th Street,Memphis,TN,99999,USA,Anne Larsen,South,1/30/14,Shipping Company C,Amritansh Raghav,789 28th Street,Memphis,TN,99999,USA,Credit Card,Crab Meat,Canned Meat,18.40,63,1159.20,114.76
1027,1/9/14,9,Company I,123 9th Street,Salt Lake City,UT,99999,USA,Robert Zare,West,1/11/14,Shipping Company A,Sven Mortensen,123 9th Street,Salt Lake City,UT,99999,USA,Check,Ravioli,Pasta,19.50,57,1111.50,110.04
1028,1/9/14,9,Company I,123 9th Street,Salt Lake City,UT,99999,USA,Robert Zare,West,1/11/14,Shipping Company A,Sven Mortensen,123 9th Street,Salt Lake City,UT,99999,USA,Check,Mozzarella,Dairy Products,34.80,81,2818.80,295.97
1029,1/6/14,6,Company F,123 6th Street,Milwaukee,WI,99999,USA,Michael Neipper,North,1/8/14,Shipping Company B,Francisco PŽrez-Olaeta,123 6th Street,Milwaukee,WI,99999,USA,Credit Card,Beer,Beverages,14.00,71,994.00,95.42
1030,2/8/14,8,Company H,123 8th Street,Portland,OR,99999,USA,Nancy Freehafer,North,2/10/14,Shipping Company B,Elizabeth Andersen,123 8th Street,Portland,OR,99999,USA,Check,Curry Sauce,Sauces,40.00,32,1280.00,129.28
1031,2/3/14,3,Company C,123 3rd Street,Los Angelas,CA,99999,USA,Mariya Sergienko,West,2/5/14,Shipping Company B,Thomas Axerr,123 3rd Street,Los Angelas,CA,99999,USA,Cash,Syrup,Condiments,10.00,63,630.00,65.52
1032,2/3/14,3,Company C,123 3rd Street,Los Angelas,CA,99999,USA,Mariya Sergienko,West,2/5/14,Shipping Company B,Thomas Axerr,123 3rd Street,Los Angelas,CA,99999,USA,Cash,Curry Sauce,Sauces,40.00,30,1200.00,120.00
1033,2/6/14,6,Company F,123 6th Street,Milwaukee,WI,99999,USA,Michael Neipper,North,2/8/14,Shipping Company B,Francisco PŽrez-Olaeta,123 6th Street,Milwaukee,WI,99999,USA,Credit Card,NULL,NULL,NULL,NULL,0.00,43.00
1034,2/28/14,28,Company BB,789 28th Street,Memphis,TN,99999,USA,Anne Larsen,South,3/2/14,Shipping Company C,Amritansh Raghav,789 28th Street,Memphis,TN,99999,USA,Check,NULL,NULL,NULL,NULL,0.00,31.00
1035,2/8/14,8,Company H,123 8th Street,Portland,OR,99999,USA,Nancy Freehafer,North,2/10/14,Shipping Company C,Elizabeth Andersen,123 8th Street,Portland,OR,99999,USA,Check,NULL,NULL,NULL,NULL,0.00,46.00
1036,2/10/14,10,Company J,123 10th Street,Chicago,IL,99999,USA,Laura Giussani,East,2/12/14,Shipping Company B,Roland Wacker,123 10th Street,Chicago,IL,99999,USA,Credit Card,Almonds,Dried Fruit & Nuts,10.00,47,470.00,48.88
1038,2/10/14,10,Company J,123 10th Street,Chicago,IL,99999,USA,Laura Giussani,East,NULL,Shipping Company A,Roland Wacker,123 10th Street,Chicago,IL,99999,USA,NULL,Dried Plums,Dried Fruit & Nuts,3.50,49,171.50,16.46
1039,2/11/14,11,Company K,123 11th Street,Miami,FL,99999,USA,Anne Larsen,South,NULL,Shipping Company C,Peter Krschne,123 11th Street,Miami,FL,99999,USA,NULL,Curry Sauce,Sauces,40.00,72,2880.00,285.12
1040,2/1/14,1,Company A,123 1st Street,Seattle,WA,99999,USA,Nancy Freehafer,North,NULL,Shipping Company C,Anna Bedecs,123 1st Street,Seattle,WA,99999,USA,NULL,Crab Meat,Canned Meat,18.40,13,239.20,23.68
1041,2/28/14,28,Company BB,789 28th Street,Memphis,TN,99999,USA,Anne Larsen,South,3/2/14,Shipping Company C,Amritansh Raghav,789 28th Street,Memphis,TN,99999,USA,Credit Card,Coffee,Beverages,46.00,32,1472.00,148.67
1042,2/9/14,9,Company I,123 9th Street,Salt Lake City,UT,99999,USA,Robert Zare,West,2/11/14,Shipping Company A,Sven Mortensen,123 9th Street,Salt Lake City,UT,99999,USA,Check,Clam Chowder,Soups,9.65,27,260.55,24.75
1043,2/6/14,6,Company F,123 6th Street,Milwaukee,WI,99999,USA,Michael Neipper,North,2/8/14,Shipping Company B,Francisco PŽrez-Olaeta,123 6th Street,Milwaukee,WI,99999,USA,Credit Card,Chocolate,Candy,12.75,71,905.25,91.43
1044,2/8/14,8,Company H,123 8th Street,Portland,OR,99999,USA,Nancy Freehafer,North,2/10/14,Shipping Company B,Elizabeth Andersen,123 8th Street,Portland,OR,99999,USA,Check,Chocolate,Candy,12.75,13,165.75,15.75
1045,2/25/14,25,Company Y,789 25th Street,Chicago,IL,99999,USA,Laura Giussani,East,2/27/14,Shipping Company A,John Rodman,789 25th Street,Chicago,IL,99999,USA,Cash,Cajun Seasoning,Condiments,22.00,98,2156.00,204.82
1046,2/26/14,26,Company Z,789 26th Street,Miami,FL,99999,USA,Anne Larsen,South,2/28/14,Shipping Company C,Run Liu,789 26th Street,Miami,FL,99999,USA,Credit Card,Boysenberry Spread,"Jams, Preserves",25.00,21,525.00,53.55
1047,3/1/14,29,Company CC,789 29th Street,Denver,CO,99999,USA,Jan Kotas,West,3/3/14,Shipping Company B,Soo Jung Lee,789 29th Street,Denver,CO,99999,USA,Check,Fruit Cocktail,Fruit & Veg,39.00,26,1014.00,106.47
1048,2/6/14,6,Company F,123 6th Street,Milwaukee,WI,99999,USA,Michael Neipper,North,2/8/14,Shipping Company C,Francisco PŽrez-Olaeta,123 6th Street,Milwaukee,WI,99999,USA,Check,Dried Pears,Dried Fruit & Nuts,30.00,96,2880.00,296.64
1049,2/6/14,6,Company F,123 6th Street,Milwaukee,WI,99999,USA,Michael Neipper,North,2/8/14,Shipping Company C,Francisco PŽrez-Olaeta,123 6th Street,Milwaukee,WI,99999,USA,Check,Dried Apples,Dried Fruit & Nuts,53.00,16,848.00,88.19
1050,2/4/14,4,Company D,123 4th Street,New York,NY,99999,USA,Andrew Cencini,East,NULL,NULL,Christina Lee,123 4th Street,New York,NY,99999,USA,NULL,Gnocchi,Pasta,38.00,96,3648.00,346.56
1051,2/3/14,3,Company C,123 3rd Street,Los Angelas,CA,99999,USA,Mariya Sergienko,West,NULL,NULL,Thomas Axerr,123 3rd Street,Los Angelas,CA,99999,USA,NULL,Green Tea,Beverages,2.99,75,224.25,23.10
1052,3/9/14,9,Company I,123 9th Street,Salt Lake City,UT,99999,USA,Robert Zare,West,3/11/14,Shipping Company A,Sven Mortensen,123 9th Street,Salt Lake City,UT,99999,USA,Check,Ravioli,Pasta,19.50,55,1072.50,108.32
1053,3/9/14,9,Company I,123 9th Street,Salt Lake City,UT,99999,USA,Robert Zare,West,3/11/14,Shipping Company A,Sven Mortensen,123 9th Street,Salt Lake City,UT,99999,USA,Check,Mozzarella,Dairy Products,34.80,11,382.80,36.75
1054,3/6/14,6,Company F,123 6th Street,Milwaukee,WI,99999,USA,Michael Neipper,North,3/8/14,Shipping Company B,Francisco PŽrez-Olaeta,123 6th Street,Milwaukee,WI,99999,USA,Credit Card,Beer,Beverages,14.00,53,742.00,71.97
1055,3/8/14,8,Company H,123 8th Street,Portland,OR,99999,USA,Nancy Freehafer,North,3/10/14,Shipping Company B,Elizabeth Andersen,123 8th Street,Portland,OR,99999,USA,Check,Curry Sauce,Sauces,40.00,85,3400.00,357.00
1056,3/8/14,8,Company H,123 8th Street,Portland,OR,99999,USA,Nancy Freehafer,North,3/10/14,Shipping Company B,Elizabeth Andersen,123 8th Street,Portland,OR,99999,USA,Check,Chocolate Biscuits Mix,Baked Goods & Mixes,9.20,97,892.40,91.02
1057,3/25/14,25,Company Y,789 25th Street,Chicago,IL,99999,USA,Laura Giussani,East,3/27/14,Shipping Company A,John Rodman,789 25th Street,Chicago,IL,99999,USA,Cash,Scones,Baked Goods & Mixes,10.00,46,460.00,46.46
1058,3/26/14,26,Company Z,789 26th Street,Miami,FL,99999,USA,Anne Larsen,South,3/28/14,Shipping Company C,Run Liu,789 26th Street,Miami,FL,99999,USA,Credit Card,Olive Oil,Oil,21.35,97,2070.95,196.74
1059,3/26/14,26,Company Z,789 26th Street,Miami,FL,99999,USA,Anne Larsen,South,3/28/14,Shipping Company C,Run Liu,789 26th Street,Miami,FL,99999,USA,Credit Card,Clam Chowder,Soups,9.65,97,936.05,95.48
1060,3/26/14,26,Company Z,789 26th Street,Miami,FL,99999,USA,Anne Larsen,South,3/28/14,Shipping Company C,Run Liu,789 26th Street,Miami,FL,99999,USA,Credit Card,Crab Meat,Canned Meat,18.40,65,1196.00,123.19
1061,3/29/14,29,Company CC,789 29th Street,Denver,CO,99999,USA,Jan Kotas,West,3/31/14,Shipping Company B,Soo Jung Lee,789 29th Street,Denver,CO,99999,USA,Check,Beer,Beverages,14.00,72,1008.00,100.80
1062,3/6/14,6,Company F,123 6th Street,Milwaukee,WI,99999,USA,Michael Neipper,North,3/8/14,Shipping Company C,Francisco PŽrez-Olaeta,123 6th Street,Milwaukee,WI,99999,USA,Check,Chocolate,Candy,12.75,16,204.00,20.20
1064,3/4/14,4,Company D,123 4th Street,New York,NY,99999,USA,Andrew Cencini,East,3/6/14,Shipping Company A,Christina Lee,123 4th Street,New York,NY,99999,USA,Credit Card,Marmalade,"Jams, Preserves",81.00,77,6237.00,642.41
1065,3/4/14,4,Company D,123 4th Street,New York,NY,99999,USA,Andrew Cencini,East,3/6/14,Shipping Company A,Christina Lee,123 4th Street,New York,NY,99999,USA,Credit Card,Long Grain Rice,Grains,7.00,37,259.00,24.61
1067,3/8/14,8,Company H,123 8th Street,Portland,OR,99999,USA,Nancy Freehafer,North,3/10/14,Shipping Company C,Elizabeth Andersen,123 8th Street,Portland,OR,99999,USA,Credit Card,Mozzarella,Dairy Products,34.80,63,2192.40,217.05
1070,3/3/14,3,Company C,123 3rd Street,Los Angelas,CA,99999,USA,Mariya Sergienko,West,3/5/14,Shipping Company B,Thomas Axerr,123 3rd Street,Los Angelas,CA,99999,USA,Cash,Syrup,Condiments,10.00,48,480.00,48.00
1071,3/3/14,3,Company C,123 3rd Street,Los Angelas,CA,99999,USA,Mariya Sergienko,West,3/5/14,Shipping Company B,Thomas Axerr,123 3rd Street,Los Angelas,CA,99999,USA,Cash,Curry Sauce,Sauces,40.00,71,2840.00,295.36
1075,3/10/14,10,Company J,123 10th Street,Chicago,IL,99999,USA,Laura Giussani,East,3/12/14,Shipping Company B,Roland Wacker,123 10th Street,Chicago,IL,99999,USA,Credit Card,Almonds,Dried Fruit & Nuts,10.00,55,550.00,55.00
1077,3/10/14,10,Company J,123 10th Street,Chicago,IL,99999,USA,Laura Giussani,East,NULL,Shipping Company A,Roland Wacker,123 10th Street,Chicago,IL,99999,USA,NULL,Dried Plums,Dried Fruit & Nuts,3.50,21,73.50,7.35
1078,3/11/14,11,Company K,123 11th Street,Miami,FL,99999,USA,Anne Larsen,South,NULL,Shipping Company C,Peter Krschne,123 11th Street,Miami,FL,99999,USA,NULL,Curry Sauce,Sauces,40.00,67,2680.00,270.68
1079,3/1/14,1,Company A,123 1st Street,Seattle,WA,99999,USA,Nancy Freehafer,North,NULL,Shipping Company C,Anna Bedecs,123 1st Street,Seattle,WA,99999,USA,NULL,Crab Meat,Canned Meat,18.40,75,1380.00,138.00
1080,3/28/14,28,Company BB,789 28th Street,Memphis,TN,99999,USA,Anne Larsen,South,3/30/14,Shipping Company C,Amritansh Raghav,789 28th Street,Memphis,TN,99999,USA,Credit Card,Coffee,Beverages,46.00,17,782.00,80.55
1081,4/4/14,4,Company D,123 4th Street,New York,NY,99999,USA,Andrew Cencini,East,4/6/14,Shipping Company A,Christina Lee,123 4th Street,New York,NY,99999,USA,Credit Card,Dried Plums,Dried Fruit & Nuts,3.50,48,168.00,16.30
1082,4/12/14,12,Company L,123 12th Street,Las Vegas,NV,99999,USA,Mariya Sergienko,West,4/14/14,Shipping Company B,John Edwards,123 12th Street,Las Vegas,NV,99999,USA,Credit Card,Chai,Beverages,18.00,74,1332.00,137.20
1083,4/12/14,12,Company L,123 12th Street,Las Vegas,NV,99999,USA,Mariya Sergienko,West,4/14/14,Shipping Company B,John Edwards,123 12th Street,Las Vegas,NV,99999,USA,Credit Card,Coffee,Beverages,46.00,96,4416.00,428.35
1084,4/8/14,8,Company H,123 8th Street,Portland,OR,99999,USA,Nancy Freehafer,North,4/10/14,Shipping Company C,Elizabeth Andersen,123 8th Street,Portland,OR,99999,USA,Credit Card,Chocolate Biscuits Mix,Baked Goods & Mixes,9.20,12,110.40,11.37
1085,4/4/14,4,Company D,123 4th Street,New York,NY,99999,USA,Andrew Cencini,East,4/6/14,Shipping Company C,Christina Lee,123 4th Street,New York,NY,99999,USA,Check,Chocolate Biscuits Mix,Baked Goods & Mixes,9.20,62,570.40,58.75
1086,4/29/14,29,Company CC,789 29th Street,Denver,CO,99999,USA,Jan Kotas,West,5/1/14,Shipping Company B,Soo Jung Lee,789 29th Street,Denver,CO,99999,USA,Check,Chocolate,Candy,12.75,35,446.25,45.96
1087,4/3/14,3,Company C,123 3rd Street,Los Angelas,CA,99999,USA,Mariya Sergienko,West,4/5/14,Shipping Company B,Thomas Axerr,123 3rd Street,Los Angelas,CA,99999,USA,Cash,Clam Chowder,Soups,9.65,95,916.75,91.68
1088,4/6/14,6,Company F,123 6th Street,Milwaukee,WI,99999,USA,Michael Neipper,North,4/8/14,Shipping Company B,Francisco PŽrez-Olaeta,123 6th Street,Milwaukee,WI,99999,USA,Credit Card,Curry Sauce,Sauces,40.00,17,680.00,68.68
1089,4/28/14,28,Company BB,789 28th Street,Memphis,TN,99999,USA,Anne Larsen,South,4/30/14,Shipping Company C,Amritansh Raghav,789 28th Street,Memphis,TN,99999,USA,Check,Coffee,Beverages,46.00,96,4416.00,463.68
1090,4/8/14,8,Company H,123 8th Street,Portland,OR,99999,USA,Nancy Freehafer,North,4/10/14,Shipping Company C,Elizabeth Andersen,123 8th Street,Portland,OR,99999,USA,Check,Chocolate,Candy,12.75,83,1058.25,102.65
1091,4/10/14,10,Company J,123 10th Street,Chicago,IL,99999,USA,Laura Giussani,East,4/12/14,Shipping Company B,Roland Wacker,123 10th Street,Chicago,IL,99999,USA,Credit Card,Green Tea,Beverages,2.99,88,263.12,26.05
1092,4/7/14,7,Company G,123 7th Street,Boise,ID,99999,USA,Nancy Freehafer,North,NULL,NULL,Ming-Yang Xie,123 7th Street,Boise,ID,99999,USA,NULL,Coffee,Beverages,46.00,59,2714.00,284.97
1093,4/10/14,10,Company J,123 10th Street,Chicago,IL,99999,USA,Laura Giussani,East,4/12/14,Shipping Company A,Roland Wacker,123 10th Street,Chicago,IL,99999,USA,NULL,Boysenberry Spread,"Jams, Preserves",25.00,27,675.00,68.85
1094,4/10/14,10,Company J,123 10th Street,Chicago,IL,99999,USA,Laura Giussani,East,4/12/14,Shipping Company A,Roland Wacker,123 10th Street,Chicago,IL,99999,USA,NULL,Cajun Seasoning,Condiments,22.00,37,814.00,85.47
1095,4/10/14,10,Company J,123 10th Street,Chicago,IL,99999,USA,Laura Giussani,East,4/12/14,Shipping Company A,Roland Wacker,123 10th Street,Chicago,IL,99999,USA,NULL,Chocolate Biscuits Mix,Baked Goods & Mixes,9.20,75,690.00,69.00
1096,4/11/14,11,Company K,123 11th Street,Miami,FL,99999,USA,Anne Larsen,South,NULL,Shipping Company C,Peter Krschne,123 11th Street,Miami,FL,99999,USA,NULL,Dried Plums,Dried Fruit & Nuts,3.50,71,248.50,24.10
1097,4/11/14,11,Company K,123 11th Street,Miami,FL,99999,USA,Anne Larsen,South,NULL,Shipping Company C,Peter Krschne,123 11th Street,Miami,FL,99999,USA,NULL,Green Tea,Beverages,2.99,88,263.12,26.05
1098,4/1/14,1,Company A,123 1st Street,Seattle,WA,99999,USA,Nancy Freehafer,North,NULL,NULL,Anna Bedecs,123 1st Street,Seattle,WA,99999,USA,NULL,Chai,Beverages,18.00,55,990.00,97.02
1099,5/29/14,29,Company CC,789 29th Street,Denver,CO,99999,USA,Jan Kotas,West,5/31/14,Shipping Company B,Soo Jung Lee,789 29th Street,Denver,CO,99999,USA,Check,Chocolate,Candy,12.75,14,178.50,16.96
1100,5/3/14,3,Company C,123 3rd Street,Los Angelas,CA,99999,USA,Mariya Sergienko,West,5/5/14,Shipping Company B,Thomas Axerr,123 3rd Street,Los Angelas,CA,99999,USA,Cash,Clam Chowder,Soups,9.65,43,414.95,42.32
1101,5/6/14,6,Company F,123 6th Street,Milwaukee,WI,99999,USA,Michael Neipper,North,5/8/14,Shipping Company B,Francisco PŽrez-Olaeta,123 6th Street,Milwaukee,WI,99999,USA,Credit Card,Curry Sauce,Sauces,40.00,63,2520.00,254.52
1102,5/28/14,28,Company BB,789 28th Street,Memphis,TN,99999,USA,Anne Larsen,South,5/30/14,Shipping Company C,Amritansh Raghav,789 28th Street,Memphis,TN,99999,USA,Check,Coffee,Beverages,46.00,36,1656.00,165.60
1103,5/8/14,8,Company H,123 8th Street,Portland,OR,99999,USA,Nancy Freehafer,North,5/10/14,Shipping Company C,Elizabeth Andersen,123 8th Street,Portland,OR,99999,USA,Check,Chocolate,Candy,12.75,41,522.75,54.37
1104,5/10/14,10,Company J,123 10th Street,Chicago,IL,99999,USA,Laura Giussani,East,5/12/14,Shipping Company B,Roland Wacker,123 10th Street,Chicago,IL,99999,USA,Credit Card,Green Tea,Beverages,2.99,35,104.65,10.26
1105,5/7/14,7,Company G,123 7th Street,Boise,ID,99999,USA,Nancy Freehafer,North,NULL,NULL,Ming-Yang Xie,123 7th Street,Boise,ID,99999,USA,NULL,Coffee,Beverages,46.00,31,1426.00,136.90
1106,5/10/14,10,Company J,123 10th Street,Chicago,IL,99999,USA,Laura Giussani,East,5/12/14,Shipping Company A,Roland Wacker,123 10th Street,Chicago,IL,99999,USA,NULL,Boysenberry Spread,"Jams, Preserves",25.00,52,1300.00,123.50
1107,5/10/14,10,Company J,123 10th Street,Chicago,IL,99999,USA,Laura Giussani,East,5/12/14,Shipping Company A,Roland Wacker,123 10th Street,Chicago,IL,99999,USA,NULL,Cajun Seasoning,Condiments,22.00,30,660.00,67.32
1108,5/10/14,10,Company J,123 10th Street,Chicago,IL,99999,USA,Laura Giussani,East,5/12/14,Shipping Company A,Roland Wacker,123 10th Street,Chicago,IL,99999,USA,NULL,Chocolate Biscuits Mix,Baked Goods & Mixes,9.20,41,377.20,38.47
1109,5/11/14,11,Company K,123 11th Street,Miami,FL,99999,USA,Anne Larsen,South,NULL,Shipping Company C,Peter Krschne,123 11th Street,Miami,FL,99999,USA,NULL,Dried Plums,Dried Fruit & Nuts,3.50,44,154.00,15.25
1110,5/11/14,11,Company K,123 11th Street,Miami,FL,99999,USA,Anne Larsen,South,NULL,Shipping Company C,Peter Krschne,123 11th Street,Miami,FL,99999,USA,NULL,Green Tea,Beverages,2.99,77,230.23,23.02
1111,5/1/14,1,Company A,123 1st Street,Seattle,WA,99999,USA,Nancy Freehafer,North,NULL,NULL,Anna Bedecs,123 1st Street,Seattle,WA,99999,USA,NULL,Chai,Beverages,18.00,29,522.00,52.72
1112,5/1/14,1,Company A,123 1st Street,Seattle,WA,99999,USA,Nancy Freehafer,North,NULL,NULL,Anna Bedecs,123 1st Street,Seattle,WA,99999,USA,NULL,Coffee,Beverages,46.00,77,3542.00,368.37
1113,5/1/14,1,Company A,123 1st Street,Seattle,WA,99999,USA,Nancy Freehafer,North,NULL,NULL,Anna Bedecs,123 1st Street,Seattle,WA,99999,USA,NULL,Green Tea,Beverages,2.99,73,218.27,21.83
1114,5/28/14,28,Company BB,789 28th Street,Memphis,TN,99999,USA,Anne Larsen,South,5/30/14,Shipping Company C,Amritansh Raghav,789 28th Street,Memphis,TN,99999,USA,Credit Card,Clam Chowder,Soups,9.65,74,714.10,67.84
1115,5/28/14,28,Company BB,789 28th Street,Memphis,TN,99999,USA,Anne Larsen,South,5/30/14,Shipping Company C,Amritansh Raghav,789 28th Street,Memphis,TN,99999,USA,Credit Card,Crab Meat,Canned Meat,18.40,25,460.00,46.46
1116,5/9/14,9,Company I,123 9th Street,Salt Lake City,UT,99999,USA,Robert Zare,West,5/11/14,Shipping Company A,Sven Mortensen,123 9th Street,Salt Lake City,UT,99999,USA,Check,Ravioli,Pasta,19.50,82,1599.00,153.50
1117,5/9/14,9,Company I,123 9th Street,Salt Lake City,UT,99999,USA,Robert Zare,West,5/11/14,Shipping Company A,Sven Mortensen,123 9th Street,Salt Lake City,UT,99999,USA,Check,Mozzarella,Dairy Products,34.80,37,1287.60,132.62
1118,5/6/14,6,Company F,123 6th Street,Milwaukee,WI,99999,USA,Michael Neipper,North,5/8/14,Shipping Company B,Francisco PŽrez-Olaeta,123 6th Street,Milwaukee,WI,99999,USA,Credit Card,Beer,Beverages,14.00,84,1176.00,112.90
1119,5/8/14,8,Company H,123 8th Street,Portland,OR,99999,USA,Nancy Freehafer,North,5/10/14,Shipping Company B,Elizabeth Andersen,123 8th Street,Portland,OR,99999,USA,Check,Curry Sauce,Sauces,40.00,73,2920.00,283.24
1120,5/8/14,8,Company H,123 8th Street,Portland,OR,99999,USA,Nancy Freehafer,North,5/10/14,Shipping Company B,Elizabeth Andersen,123 8th Street,Portland,OR,99999,USA,Check,Chocolate Biscuits Mix,Baked Goods & Mixes,9.20,51,469.20,44.57
1121,5/25/14,25,Company Y,789 25th Street,Chicago,IL,99999,USA,Laura Giussani,East,5/27/14,Shipping Company A,John Rodman,789 25th Street,Chicago,IL,99999,USA,Cash,Scones,Baked Goods & Mixes,10.00,66,660.00,68.64
1122,5/26/14,26,Company Z,789 26th Street,Miami,FL,99999,USA,Anne Larsen,South,5/28/14,Shipping Company C,Run Liu,789 26th Street,Miami,FL,99999,USA,Credit Card,Olive Oil,Oil,21.35,36,768.60,74.55
1123,5/26/14,26,Company Z,789 26th Street,Miami,FL,99999,USA,Anne Larsen,South,5/28/14,Shipping Company C,Run Liu,789 26th Street,Miami,FL,99999,USA,Credit Card,Clam Chowder,Soups,9.65,87,839.55,87.31
1124,5/26/14,26,Company Z,789 26th Street,Miami,FL,99999,USA,Anne Larsen,South,5/28/14,Shipping Company C,Run Liu,789 26th Street,Miami,FL,99999,USA,Credit Card,Crab Meat,Canned Meat,18.40,64,1177.60,115.40
1125,5/29/14,29,Company CC,789 29th Street,Denver,CO,99999,USA,Jan Kotas,West,5/31/14,Shipping Company B,Soo Jung Lee,789 29th Street,Denver,CO,99999,USA,Check,Beer,Beverages,14.00,21,294.00,30.87
1126,5/6/14,6,Company F,123 6th Street,Milwaukee,WI,99999,USA,Michael Neipper,North,5/8/14,Shipping Company C,Francisco PŽrez-Olaeta,123 6th Street,Milwaukee,WI,99999,USA,Check,Chocolate,Candy,12.75,19,242.25,24.47
1128,5/4/14,4,Company D,123 4th Street,New York,NY,99999,USA,Andrew Cencini,East,5/6/14,Shipping Company A,Christina Lee,123 4th Street,New York,NY,99999,USA,Credit Card,Marmalade,"Jams, Preserves",81.00,23,1863.00,195.62
1129,5/4/14,4,Company D,123 4th Street,New York,NY,99999,USA,Andrew Cencini,East,5/6/14,Shipping Company A,Christina Lee,123 4th Street,New York,NY,99999,USA,Credit Card,Long Grain Rice,Grains,7.00,72,504.00,51.91
1131,5/8/14,8,Company H,123 8th Street,Portland,OR,99999,USA,Nancy Freehafer,North,5/10/14,Shipping Company C,Elizabeth Andersen,123 8th Street,Portland,OR,99999,USA,Credit Card,Mozzarella,Dairy Products,34.80,22,765.60,75.03
1134,5/3/14,3,Company C,123 3rd Street,Los Angelas,CA,99999,USA,Mariya Sergienko,West,5/5/14,Shipping Company B,Thomas Axerr,123 3rd Street,Los Angelas,CA,99999,USA,Cash,Syrup,Condiments,10.00,82,820.00,85.28
1135,5/3/14,3,Company C,123 3rd Street,Los Angelas,CA,99999,USA,Mariya Sergienko,West,5/5/14,Shipping Company B,Thomas Axerr,123 3rd Street,Los Angelas,CA,99999,USA,Cash,Curry Sauce,Sauces,40.00,98,3920.00,411.60
1138,6/7/14,7,Company G,123 7th Street,Boise,ID,99999,USA,Nancy Freehafer,North,NULL,NULL,Ming-Yang Xie,123 7th Street,Boise,ID,99999,USA,NULL,Coffee,Beverages,46.00,71,3266.00,310.27
1139,6/10/14,10,Company J,123 10th Street,Chicago,IL,99999,USA,Laura Giussani,East,6/12/14,Shipping Company A,Roland Wacker,123 10th Street,Chicago,IL,99999,USA,NULL,Boysenberry Spread,"Jams, Preserves",25.00,40,1000.00,105.00
1140,6/10/14,10,Company J,123 10th Street,Chicago,IL,99999,USA,Laura Giussani,East,6/12/14,Shipping Company A,Roland Wacker,123 10th Street,Chicago,IL,99999,USA,NULL,Cajun Seasoning,Condiments,22.00,80,1760.00,172.48
1141,6/10/14,10,Company J,123 10th Street,Chicago,IL,99999,USA,Laura Giussani,East,6/12/14,Shipping Company A,Roland Wacker,123 10th Street,Chicago,IL,99999,USA,NULL,Chocolate Biscuits Mix,Baked Goods & Mixes,9.20,38,349.60,33.21
1142,6/11/14,11,Company K,123 11th Street,Miami,FL,99999,USA,Anne Larsen,South,NULL,Shipping Company C,Peter Krschne,123 11th Street,Miami,FL,99999,USA,NULL,Dried Plums,Dried Fruit & Nuts,3.50,28,98.00,10.29
1143,6/11/14,11,Company K,123 11th Street,Miami,FL,99999,USA,Anne Larsen,South,NULL,Shipping Company C,Peter Krschne,123 11th Street,Miami,FL,99999,USA,NULL,Green Tea,Beverages,2.99,60,179.40,17.58
1144,6/1/14,1,Company A,123 1st Street,Seattle,WA,99999,USA,Nancy Freehafer,North,NULL,NULL,Anna Bedecs,123 1st Street,Seattle,WA,99999,USA,NULL,Chai,Beverages,18.00,33,594.00,58.21
1145,6/1/14,1,Company A,123 1st Street,Seattle,WA,99999,USA,Nancy Freehafer,North,NULL,NULL,Anna Bedecs,123 1st Street,Seattle,WA,99999,USA,NULL,Coffee,Beverages,46.00,22,1012.00,101.20
1146,6/1/14,1,Company A,123 1st Street,Seattle,WA,99999,USA,Nancy Freehafer,North,NULL,NULL,Anna Bedecs,123 1st Street,Seattle,WA,99999,USA,NULL,Green Tea,Beverages,2.99,51,152.49,14.94
1147,6/28/14,28,Company BB,789 28th Street,Memphis,TN,99999,USA,Anne Larsen,South,6/30/14,Shipping Company C,Amritansh Raghav,789 28th Street,Memphis,TN,99999,USA,Credit Card,Clam Chowder,Soups,9.65,60,579.00,57.32
1148,6/28/14,28,Company BB,789 28th Street,Memphis,TN,99999,USA,Anne Larsen,South,6/30/14,Shipping Company C,Amritansh Raghav,789 28th Street,Memphis,TN,99999,USA,Credit Card,Crab Meat,Canned Meat,18.40,98,1803.20,183.93
1149,6/9/14,9,Company I,123 9th Street,Salt Lake City,UT,99999,USA,Robert Zare,West,6/11/14,Shipping Company A,Sven Mortensen,123 9th Street,Salt Lake City,UT,99999,USA,Check,Ravioli,Pasta,19.50,27,526.50,51.07
1150,6/9/14,9,Company I,123 9th Street,Salt Lake City,UT,99999,USA,Robert Zare,West,6/11/14,Shipping Company A,Sven Mortensen,123 9th Street,Salt Lake City,UT,99999,USA,Check,Mozzarella,Dairy Products,34.80,88,3062.40,303.18
1151,6/6/14,6,Company F,123 6th Street,Milwaukee,WI,99999,USA,Michael Neipper,North,6/8/14,Shipping Company B,Francisco PŽrez-Olaeta,123 6th Street,Milwaukee,WI,99999,USA,Credit Card,Beer,Beverages,14.00,65,910.00,95.55
1152,6/8/14,8,Company H,123 8th Street,Portland,OR,99999,USA,Nancy Freehafer,North,6/10/14,Shipping Company B,Elizabeth Andersen,123 8th Street,Portland,OR,99999,USA,Check,Curry Sauce,Sauces,40.00,38,1520.00,148.96
1153,6/8/14,8,Company H,123 8th Street,Portland,OR,99999,USA,Nancy Freehafer,North,6/10/14,Shipping Company B,Elizabeth Andersen,123 8th Street,Portland,OR,99999,USA,Check,Chocolate Biscuits Mix,Baked Goods & Mixes,9.20,80,736.00,70.66
1154,6/25/14,25,Company Y,789 25th Street,Chicago,IL,99999,USA,Laura Giussani,East,6/27/14,Shipping Company A,John Rodman,789 25th Street,Chicago,IL,99999,USA,Cash,Scones,Baked Goods & Mixes,10.00,49,490.00,47.04
1155,6/26/14,26,Company Z,789 26th Street,Miami,FL,99999,USA,Anne Larsen,South,6/28/14,Shipping Company C,Run Liu,789 26th Street,Miami,FL,99999,USA,Credit Card,Olive Oil,Oil,21.35,90,1921.50,186.39
1156,6/26/14,26,Company Z,789 26th Street,Miami,FL,99999,USA,Anne Larsen,South,6/28/14,Shipping Company C,Run Liu,789 26th Street,Miami,FL,99999,USA,Credit Card,Clam Chowder,Soups,9.65,60,579.00,59.64
1157,6/26/14,26,Company Z,789 26th Street,Miami,FL,99999,USA,Anne Larsen,South,6/28/14,Shipping Company C,Run Liu,789 26th Street,Miami,FL,99999,USA,Credit Card,Crab Meat,Canned Meat,18.40,39,717.60,71.76
1158,6/29/14,29,Company CC,789 29th Street,Denver,CO,99999,USA,Jan Kotas,West,7/1/14,Shipping Company B,Soo Jung Lee,789 29th Street,Denver,CO,99999,USA,Check,Beer,Beverages,14.00,79,1106.00,113.92
1159,6/6/14,6,Company F,123 6th Street,Milwaukee,WI,99999,USA,Michael Neipper,North,6/8/14,Shipping Company C,Francisco PŽrez-Olaeta,123 6th Street,Milwaukee,WI,99999,USA,Check,Chocolate,Candy,12.75,44,561.00,57.22
1161,6/4/14,4,Company D,123 4th Street,New York,NY,99999,USA,Andrew Cencini,East,6/6/14,Shipping Company A,Christina Lee,123 4th Street,New York,NY,99999,USA,Credit Card,Marmalade,"Jams, Preserves",81.00,98,7938.00,769.99
1162,6/4/14,4,Company D,123 4th Street,New York,NY,99999,USA,Andrew Cencini,East,6/6/14,Shipping Company A,Christina Lee,123 4th Street,New York,NY,99999,USA,Credit Card,Long Grain Rice,Grains,7.00,61,427.00,42.27
1164,6/8/14,8,Company H,123 8th Street,Portland,OR,99999,USA,Nancy Freehafer,North,6/10/14,Shipping Company C,Elizabeth Andersen,123 8th Street,Portland,OR,99999,USA,Credit Card,Mozzarella,Dairy Products,34.80,30,1044.00,109.62
1167,6/3/14,3,Company C,123 3rd Street,Los Angelas,CA,99999,USA,Mariya Sergienko,West,6/5/14,Shipping Company B,Thomas Axerr,123 3rd Street,Los Angelas,CA,99999,USA,Cash,Syrup,Condiments,10.00,24,240.00,25.20
1168,6/3/14,3,Company C,123 3rd Street,Los Angelas,CA,99999,USA,Mariya Sergienko,West,6/5/14,Shipping Company B,Thomas Axerr,123 3rd Street,Los Angelas,CA,99999,USA,Cash,Curry Sauce,Sauces,40.00,28,1120.00,109.76
1172,6/10/14,10,Company J,123 10th Street,Chicago,IL,99999,USA,Laura Giussani,East,6/12/14,Shipping Company B,Roland Wacker,123 10th Street,Chicago,IL,99999,USA,Credit Card,Almonds,Dried Fruit & Nuts,10.00,74,740.00,71.78
1174,6/10/14,10,Company J,123 10th Street,Chicago,IL,99999,USA,Laura Giussani,East,NULL,Shipping Company A,Roland Wacker,123 10th Street,Chicago,IL,99999,USA,NULL,Dried Plums,Dried Fruit & Nuts,3.50,90,315.00,30.24
1175,6/11/14,11,Company K,123 11th Street,Miami,FL,99999,USA,Anne Larsen,South,NULL,Shipping Company C,Peter Krschne,123 11th Street,Miami,FL,99999,USA,NULL,Curry Sauce,Sauces,40.00,27,1080.00,111.24
1176,6/1/14,1,Company A,123 1st Street,Seattle,WA,99999,USA,Nancy Freehafer,North,NULL,Shipping Company C,Anna Bedecs,123 1st Street,Seattle,WA,99999,USA,NULL,Crab Meat,Canned Meat,18.40,71,1306.40,137.17
1177,6/28/14,28,Company BB,789 28th Street,Memphis,TN,99999,USA,Anne Larsen,South,6/30/14,Shipping Company C,Amritansh Raghav,789 28th Street,Memphis,TN,99999,USA,Credit Card,Coffee,Beverages,46.00,74,3404.00,340.40
1178,6/9/14,9,Company I,123 9th Street,Salt Lake City,UT,99999,USA,Robert Zare,West,6/11/14,Shipping Company A,Sven Mortensen,123 9th Street,Salt Lake City,UT,99999,USA,Check,Clam Chowder,Soups,9.65,76,733.40,72.61
1179,6/6/14,6,Company F,123 6th Street,Milwaukee,WI,99999,USA,Michael Neipper,North,6/8/14,Shipping Company B,Francisco PŽrez-Olaeta,123 6th Street,Milwaukee,WI,99999,USA,Credit Card,Chocolate,Candy,12.75,96,1224.00,123.62
1180,6/8/14,8,Company H,123 8th Street,Portland,OR,99999,USA,Nancy Freehafer,North,6/10/14,Shipping Company B,Elizabeth Andersen,123 8th Street,Portland,OR,99999,USA,Check,Chocolate,Candy,12.75,92,1173.00,116.13
1181,6/25/14,25,Company Y,789 25th Street,Chicago,IL,99999,USA,Laura Giussani,East,6/27/14,Shipping Company A,John Rodman,789 25th Street,Chicago,IL,99999,USA,Cash,Cajun Seasoning,Condiments,22.00,93,2046.00,200.51
1182,6/26/14,26,Company Z,789 26th Street,Miami,FL,99999,USA,Anne Larsen,South,6/28/14,Shipping Company C,Run Liu,789 26th Street,Miami,FL,99999,USA,Credit Card,Boysenberry Spread,"Jams, Preserves",25.00,18,450.00,42.75
1183,6/29/14,29,Company CC,789 29th Street,Denver,CO,99999,USA,Jan Kotas,West,7/1/14,Shipping Company B,Soo Jung Lee,789 29th Street,Denver,CO,99999,USA,Check,Fruit Cocktail,Fruit & Veg,39.00,98,3822.00,397.49
1184,6/6/14,6,Company F,123 6th Street,Milwaukee,WI,99999,USA,Michael Neipper,North,6/8/14,Shipping Company C,Francisco PŽrez-Olaeta,123 6th Street,Milwaukee,WI,99999,USA,Check,Dried Pears,Dried Fruit & Nuts,30.00,46,1380.00,135.24
1185,6/6/14,6,Company F,123 6th Street,Milwaukee,WI,99999,USA,Michael Neipper,North,6/8/14,Shipping Company C,Francisco PŽrez-Olaeta,123 6th Street,Milwaukee,WI,99999,USA,Check,Dried Apples,Dried Fruit & Nuts,53.00,14,742.00,74.20
1186,6/4/14,4,Company D,123 4th Street,New York,NY,99999,USA,Andrew Cencini,East,NULL,NULL,Christina Lee,123 4th Street,New York,NY,99999,USA,NULL,Gnocchi,Pasta,38.00,85,3230.00,319.77
1187,6/3/14,3,Company C,123 3rd Street,Los Angelas,CA,99999,USA,Mariya Sergienko,West,NULL,NULL,Thomas Axerr,123 3rd Street,Los Angelas,CA,99999,USA,NULL,Green Tea,Beverages,2.99,88,263.12,25.52
1188,7/1/14,1,Company A,123 1st Street,Seattle,WA,99999,USA,Nancy Freehafer,North,NULL,NULL,Anna Bedecs,123 1st Street,Seattle,WA,99999,USA,NULL,Green Tea,Beverages,2.99,81,242.19,23.98
1189,7/28/14,28,Company BB,789 28th Street,Memphis,TN,99999,USA,Anne Larsen,South,7/30/14,Shipping Company C,Amritansh Raghav,789 28th Street,Memphis,TN,99999,USA,Credit Card,Clam Chowder,Soups,9.65,33,318.45,30.25
1190,7/28/14,28,Company BB,789 28th Street,Memphis,TN,99999,USA,Anne Larsen,South,7/30/14,Shipping Company C,Amritansh Raghav,789 28th Street,Memphis,TN,99999,USA,Credit Card,Crab Meat,Canned Meat,18.40,47,864.80,90.80
1191,7/9/14,9,Company I,123 9th Street,Salt Lake City,UT,99999,USA,Robert Zare,West,7/11/14,Shipping Company A,Sven Mortensen,123 9th Street,Salt Lake City,UT,99999,USA,Check,Ravioli,Pasta,19.50,61,1189.50,123.71
1192,7/9/14,9,Company I,123 9th Street,Salt Lake City,UT,99999,USA,Robert Zare,West,7/11/14,Shipping Company A,Sven Mortensen,123 9th Street,Salt Lake City,UT,99999,USA,Check,Mozzarella,Dairy Products,34.80,27,939.60,95.84
1193,7/6/14,6,Company F,123 6th Street,Milwaukee,WI,99999,USA,Michael Neipper,North,7/8/14,Shipping Company B,Francisco PŽrez-Olaeta,123 6th Street,Milwaukee,WI,99999,USA,Credit Card,Beer,Beverages,14.00,84,1176.00,118.78
1194,7/8/14,8,Company H,123 8th Street,Portland,OR,99999,USA,Nancy Freehafer,North,7/10/14,Shipping Company B,Elizabeth Andersen,123 8th Street,Portland,OR,99999,USA,Check,Curry Sauce,Sauces,40.00,91,3640.00,360.36
1195,7/8/14,8,Company H,123 8th Street,Portland,OR,99999,USA,Nancy Freehafer,North,7/10/14,Shipping Company B,Elizabeth Andersen,123 8th Street,Portland,OR,99999,USA,Check,Chocolate Biscuits Mix,Baked Goods & Mixes,9.20,36,331.20,34.44
1196,7/25/14,25,Company Y,789 25th Street,Chicago,IL,99999,USA,Laura Giussani,East,7/27/14,Shipping Company A,John Rodman,789 25th Street,Chicago,IL,99999,USA,Cash,Scones,Baked Goods & Mixes,10.00,34,340.00,34.34
1197,7/26/14,26,Company Z,789 26th Street,Miami,FL,99999,USA,Anne Larsen,South,7/28/14,Shipping Company C,Run Liu,789 26th Street,Miami,FL,99999,USA,Credit Card,Olive Oil,Oil,21.35,81,1729.35,178.12
1198,7/26/14,26,Company Z,789 26th Street,Miami,FL,99999,USA,Anne Larsen,South,7/28/14,Shipping Company C,Run Liu,789 26th Street,Miami,FL,99999,USA,Credit Card,Clam Chowder,Soups,9.65,25,241.25,23.40
1199,7/26/14,26,Company Z,789 26th Street,Miami,FL,99999,USA,Anne Larsen,South,7/28/14,Shipping Company C,Run Liu,789 26th Street,Miami,FL,99999,USA,Credit Card,Crab Meat,Canned Meat,18.40,12,220.80,22.08
1200,7/29/14,29,Company CC,789 29th Street,Denver,CO,99999,USA,Jan Kotas,West,7/31/14,Shipping Company B,Soo Jung Lee,789 29th Street,Denver,CO,99999,USA,Check,Beer,Beverages,14.00,23,322.00,30.91
1201,7/6/14,6,Company F,123 6th Street,Milwaukee,WI,99999,USA,Michael Neipper,North,7/8/14,Shipping Company C,Francisco PŽrez-Olaeta,123 6th Street,Milwaukee,WI,99999,USA,Check,Chocolate,Candy,12.75,76,969.00,97.87
1203,7/4/14,4,Company D,123 4th Street,New York,NY,99999,USA,Andrew Cencini,East,7/6/14,Shipping Company A,Christina Lee,123 4th Street,New York,NY,99999,USA,Credit Card,Marmalade,"Jams, Preserves",81.00,55,4455.00,445.50
1204,7/4/14,4,Company D,123 4th Street,New York,NY,99999,USA,Andrew Cencini,East,7/6/14,Shipping Company A,Christina Lee,123 4th Street,New York,NY,99999,USA,Credit Card,Long Grain Rice,Grains,7.00,19,133.00,12.90
1206,7/8/14,8,Company H,123 8th Street,Portland,OR,99999,USA,Nancy Freehafer,North,7/10/14,Shipping Company C,Elizabeth Andersen,123 8th Street,Portland,OR,99999,USA,Credit Card,Mozzarella,Dairy Products,34.80,27,939.60,89.26
1209,7/3/14,3,Company C,123 3rd Street,Los Angelas,CA,99999,USA,Mariya Sergienko,West,7/5/14,Shipping Company B,Thomas Axerr,123 3rd Street,Los Angelas,CA,99999,USA,Cash,Syrup,Condiments,10.00,99,990.00,95.04
1210,7/3/14,3,Company C,123 3rd Street,Los Angelas,CA,99999,USA,Mariya Sergienko,West,7/5/14,Shipping Company B,Thomas Axerr,123 3rd Street,Los Angelas,CA,99999,USA,Cash,Curry Sauce,Sauces,40.00,10,400.00,40.00
1214,7/10/14,10,Company J,123 10th Street,Chicago,IL,99999,USA,Laura Giussani,East,7/12/14,Shipping Company B,Roland Wacker,123 10th Street,Chicago,IL,99999,USA,Credit Card,Almonds,Dried Fruit & Nuts,10.00,80,800.00,77.60
1216,7/10/14,10,Company J,123 10th Street,Chicago,IL,99999,USA,Laura Giussani,East,NULL,Shipping Company A,Roland Wacker,123 10th Street,Chicago,IL,99999,USA,NULL,Dried Plums,Dried Fruit & Nuts,3.50,27,94.50,9.07
1217,7/11/14,11,Company K,123 11th Street,Miami,FL,99999,USA,Anne Larsen,South,NULL,Shipping Company C,Peter Krschne,123 11th Street,Miami,FL,99999,USA,NULL,Curry Sauce,Sauces,40.00,97,3880.00,380.24
1218,7/1/14,1,Company A,123 1st Street,Seattle,WA,99999,USA,Nancy Freehafer,North,NULL,Shipping Company C,Anna Bedecs,123 1st Street,Seattle,WA,99999,USA,NULL,Crab Meat,Canned Meat,18.40,42,772.80,80.37
1219,7/28/14,28,Company BB,789 28th Street,Memphis,TN,99999,USA,Anne Larsen,South,7/30/14,Shipping Company C,Amritansh Raghav,789 28th Street,Memphis,TN,99999,USA,Credit Card,Coffee,Beverages,46.00,24,1104.00,105.98
1220,7/9/14,9,Company I,123 9th Street,Salt Lake City,UT,99999,USA,Robert Zare,West,7/11/14,Shipping Company A,Sven Mortensen,123 9th Street,Salt Lake City,UT,99999,USA,Check,Clam Chowder,Soups,9.65,90,868.50,83.38
1221,7/6/14,6,Company F,123 6th Street,Milwaukee,WI,99999,USA,Michael Neipper,North,7/8/14,Shipping Company B,Francisco PŽrez-Olaeta,123 6th Street,Milwaukee,WI,99999,USA,Credit Card,Chocolate,Candy,12.75,28,357.00,35.70
1222,8/28/14,28,Company BB,789 28th Street,Memphis,TN,99999,USA,Anne Larsen,South,8/30/14,Shipping Company C,Amritansh Raghav,789 28th Street,Memphis,TN,99999,USA,Check,Coffee,Beverages,46.00,28,1288.00,133.95
1223,8/8/14,8,Company H,123 8th Street,Portland,OR,99999,USA,Nancy Freehafer,North,8/10/14,Shipping Company C,Elizabeth Andersen,123 8th Street,Portland,OR,99999,USA,Check,Chocolate,Candy,12.75,57,726.75,69.77
1224,8/10/14,10,Company J,123 10th Street,Chicago,IL,99999,USA,Laura Giussani,East,8/12/14,Shipping Company B,Roland Wacker,123 10th Street,Chicago,IL,99999,USA,Credit Card,Green Tea,Beverages,2.99,23,68.77,6.67
1225,8/7/14,7,Company G,123 7th Street,Boise,ID,99999,USA,Nancy Freehafer,North,NULL,NULL,Ming-Yang Xie,123 7th Street,Boise,ID,99999,USA,NULL,Coffee,Beverages,46.00,86,3956.00,399.56
1226,8/10/14,10,Company J,123 10th Street,Chicago,IL,99999,USA,Laura Giussani,East,8/12/14,Shipping Company A,Roland Wacker,123 10th Street,Chicago,IL,99999,USA,NULL,Boysenberry Spread,"Jams, Preserves",25.00,47,1175.00,116.33
1227,8/10/14,10,Company J,123 10th Street,Chicago,IL,99999,USA,Laura Giussani,East,8/12/14,Shipping Company A,Roland Wacker,123 10th Street,Chicago,IL,99999,USA,NULL,Cajun Seasoning,Condiments,22.00,97,2134.00,221.94
1228,8/10/14,10,Company J,123 10th Street,Chicago,IL,99999,USA,Laura Giussani,East,8/12/14,Shipping Company A,Roland Wacker,123 10th Street,Chicago,IL,99999,USA,NULL,Chocolate Biscuits Mix,Baked Goods & Mixes,9.20,96,883.20,86.55
1229,8/11/14,11,Company K,123 11th Street,Miami,FL,99999,USA,Anne Larsen,South,NULL,Shipping Company C,Peter Krschne,123 11th Street,Miami,FL,99999,USA,NULL,Dried Plums,Dried Fruit & Nuts,3.50,31,108.50,10.85
1230,8/11/14,11,Company K,123 11th Street,Miami,FL,99999,USA,Anne Larsen,South,NULL,Shipping Company C,Peter Krschne,123 11th Street,Miami,FL,99999,USA,NULL,Green Tea,Beverages,2.99,52,155.48,16.01
1231,8/1/14,1,Company A,123 1st Street,Seattle,WA,99999,USA,Nancy Freehafer,North,NULL,NULL,Anna Bedecs,123 1st Street,Seattle,WA,99999,USA,NULL,Chai,Beverages,18.00,91,1638.00,158.89
1232,8/1/14,1,Company A,123 1st Street,Seattle,WA,99999,USA,Nancy Freehafer,North,NULL,NULL,Anna Bedecs,123 1st Street,Seattle,WA,99999,USA,NULL,Coffee,Beverages,46.00,14,644.00,63.76
1233,8/1/14,1,Company A,123 1st Street,Seattle,WA,99999,USA,Nancy Freehafer,North,NULL,NULL,Anna Bedecs,123 1st Street,Seattle,WA,99999,USA,NULL,Green Tea,Beverages,2.99,44,131.56,13.29
1234,8/28/14,28,Company BB,789 28th Street,Memphis,TN,99999,USA,Anne Larsen,South,8/30/14,Shipping Company C,Amritansh Raghav,789 28th Street,Memphis,TN,99999,USA,Credit Card,Clam Chowder,Soups,9.65,97,936.05,95.48
1235,8/28/14,28,Company BB,789 28th Street,Memphis,TN,99999,USA,Anne Larsen,South,8/30/14,Shipping Company C,Amritansh Raghav,789 28th Street,Memphis,TN,99999,USA,Credit Card,Crab Meat,Canned Meat,18.40,80,1472.00,150.14
1236,8/9/14,9,Company I,123 9th Street,Salt Lake City,UT,99999,USA,Robert Zare,West,8/11/14,Shipping Company A,Sven Mortensen,123 9th Street,Salt Lake City,UT,99999,USA,Check,Ravioli,Pasta,19.50,66,1287.00,132.56
1237,8/9/14,9,Company I,123 9th Street,Salt Lake City,UT,99999,USA,Robert Zare,West,8/11/14,Shipping Company A,Sven Mortensen,123 9th Street,Salt Lake City,UT,99999,USA,Check,Mozzarella,Dairy Products,34.80,32,1113.60,111.36
1238,8/6/14,6,Company F,123 6th Street,Milwaukee,WI,99999,USA,Michael Neipper,North,8/8/14,Shipping Company B,Francisco PŽrez-Olaeta,123 6th Street,Milwaukee,WI,99999,USA,Credit Card,Beer,Beverages,14.00,52,728.00,72.80
1239,8/8/14,8,Company H,123 8th Street,Portland,OR,99999,USA,Nancy Freehafer,North,8/10/14,Shipping Company B,Elizabeth Andersen,123 8th Street,Portland,OR,99999,USA,Check,Curry Sauce,Sauces,40.00,78,3120.00,318.24
1240,8/8/14,8,Company H,123 8th Street,Portland,OR,99999,USA,Nancy Freehafer,North,8/10/14,Shipping Company B,Elizabeth Andersen,123 8th Street,Portland,OR,99999,USA,Check,Chocolate Biscuits Mix,Baked Goods & Mixes,9.20,54,496.80,49.18
1241,8/25/14,25,Company Y,789 25th Street,Chicago,IL,99999,USA,Laura Giussani,East,8/27/14,Shipping Company A,John Rodman,789 25th Street,Chicago,IL,99999,USA,Cash,Scones,Baked Goods & Mixes,10.00,55,550.00,52.25
1242,8/26/14,26,Company Z,789 26th Street,Miami,FL,99999,USA,Anne Larsen,South,8/28/14,Shipping Company C,Run Liu,789 26th Street,Miami,FL,99999,USA,Credit Card,Olive Oil,Oil,21.35,60,1281.00,129.38
1243,8/26/14,26,Company Z,789 26th Street,Miami,FL,99999,USA,Anne Larsen,South,8/28/14,Shipping Company C,Run Liu,789 26th Street,Miami,FL,99999,USA,Credit Card,Clam Chowder,Soups,9.65,19,183.35,17.42
1244,8/26/14,26,Company Z,789 26th Street,Miami,FL,99999,USA,Anne Larsen,South,8/28/14,Shipping Company C,Run Liu,789 26th Street,Miami,FL,99999,USA,Credit Card,Crab Meat,Canned Meat,18.40,66,1214.40,125.08
1245,8/29/14,29,Company CC,789 29th Street,Denver,CO,99999,USA,Jan Kotas,West,8/31/14,Shipping Company B,Soo Jung Lee,789 29th Street,Denver,CO,99999,USA,Check,Beer,Beverages,14.00,42,588.00,59.39
1246,8/6/14,6,Company F,123 6th Street,Milwaukee,WI,99999,USA,Michael Neipper,North,8/8/14,Shipping Company C,Francisco PŽrez-Olaeta,123 6th Street,Milwaukee,WI,99999,USA,Check,Chocolate,Candy,12.75,72,918.00,89.05
1248,8/4/14,4,Company D,123 4th Street,New York,NY,99999,USA,Andrew Cencini,East,8/6/14,Shipping Company A,Christina Lee,123 4th Street,New York,NY,99999,USA,Credit Card,Marmalade,"Jams, Preserves",81.00,32,2592.00,251.42
1249,8/4/14,4,Company D,123 4th Street,New York,NY,99999,USA,Andrew Cencini,East,8/6/14,Shipping Company A,Christina Lee,123 4th Street,New York,NY,99999,USA,Credit Card,Long Grain Rice,Grains,7.00,76,532.00,53.73
1250,9/10/14,10,Company J,123 10th Street,Chicago,IL,99999,USA,Laura Giussani,East,9/12/14,Shipping Company A,Roland Wacker,123 10th Street,Chicago,IL,99999,USA,NULL,Chocolate Biscuits Mix,Baked Goods & Mixes,9.20,83,763.60,74.83
1251,9/11/14,11,Company K,123 11th Street,Miami,FL,99999,USA,Anne Larsen,South,NULL,Shipping Company C,Peter Krschne,123 11th Street,Miami,FL,99999,USA,NULL,Dried Plums,Dried Fruit & Nuts,3.50,91,318.50,31.21
1252,9/11/14,11,Company K,123 11th Street,Miami,FL,99999,USA,Anne Larsen,South,NULL,Shipping Company C,Peter Krschne,123 11th Street,Miami,FL,99999,USA,NULL,Green Tea,Beverages,2.99,64,191.36,19.52
1253,9/1/14,1,Company A,123 1st Street,Seattle,WA,99999,USA,Nancy Freehafer,North,NULL,NULL,Anna Bedecs,123 1st Street,Seattle,WA,99999,USA,NULL,Chai,Beverages,18.00,58,1044.00,103.36
1254,9/1/14,1,Company A,123 1st Street,Seattle,WA,99999,USA,Nancy Freehafer,North,NULL,NULL,Anna Bedecs,123 1st Street,Seattle,WA,99999,USA,NULL,Coffee,Beverages,46.00,97,4462.00,464.05
1255,9/1/14,1,Company A,123 1st Street,Seattle,WA,99999,USA,Nancy Freehafer,North,NULL,NULL,Anna Bedecs,123 1st Street,Seattle,WA,99999,USA,NULL,Green Tea,Beverages,2.99,14,41.86,4.35
1256,9/28/14,28,Company BB,789 28th Street,Memphis,TN,99999,USA,Anne Larsen,South,9/30/14,Shipping Company C,Amritansh Raghav,789 28th Street,Memphis,TN,99999,USA,Credit Card,Clam Chowder,Soups,9.65,68,656.20,64.31
1257,9/28/14,28,Company BB,789 28th Street,Memphis,TN,99999,USA,Anne Larsen,South,9/30/14,Shipping Company C,Amritansh Raghav,789 28th Street,Memphis,TN,99999,USA,Credit Card,Crab Meat,Canned Meat,18.40,32,588.80,58.88
1258,9/9/14,9,Company I,123 9th Street,Salt Lake City,UT,99999,USA,Robert Zare,West,9/11/14,Shipping Company A,Sven Mortensen,123 9th Street,Salt Lake City,UT,99999,USA,Check,Ravioli,Pasta,19.50,48,936.00,94.54
1259,9/9/14,9,Company I,123 9th Street,Salt Lake City,UT,99999,USA,Robert Zare,West,9/11/14,Shipping Company A,Sven Mortensen,123 9th Street,Salt Lake City,UT,99999,USA,Check,Mozzarella,Dairy Products,34.80,57,1983.60,194.39
1260,9/6/14,6,Company F,123 6th Street,Milwaukee,WI,99999,USA,Michael Neipper,North,9/8/14,Shipping Company B,Francisco PŽrez-Olaeta,123 6th Street,Milwaukee,WI,99999,USA,Credit Card,Beer,Beverages,14.00,67,938.00,98.49
1261,9/8/14,8,Company H,123 8th Street,Portland,OR,99999,USA,Nancy Freehafer,North,9/10/14,Shipping Company B,Elizabeth Andersen,123 8th Street,Portland,OR,99999,USA,Check,Curry Sauce,Sauces,40.00,48,1920.00,188.16
1262,9/8/14,8,Company H,123 8th Street,Portland,OR,99999,USA,Nancy Freehafer,North,9/10/14,Shipping Company B,Elizabeth Andersen,123 8th Street,Portland,OR,99999,USA,Check,Chocolate Biscuits Mix,Baked Goods & Mixes,9.20,77,708.40,72.26
1263,9/25/14,25,Company Y,789 25th Street,Chicago,IL,99999,USA,Laura Giussani,East,9/27/14,Shipping Company A,John Rodman,789 25th Street,Chicago,IL,99999,USA,Cash,Scones,Baked Goods & Mixes,10.00,94,940.00,97.76
1264,9/26/14,26,Company Z,789 26th Street,Miami,FL,99999,USA,Anne Larsen,South,9/28/14,Shipping Company C,Run Liu,789 26th Street,Miami,FL,99999,USA,Credit Card,Olive Oil,Oil,21.35,54,1152.90,121.05
1265,9/26/14,26,Company Z,789 26th Street,Miami,FL,99999,USA,Anne Larsen,South,9/28/14,Shipping Company C,Run Liu,789 26th Street,Miami,FL,99999,USA,Credit Card,Clam Chowder,Soups,9.65,43,414.95,40.25
1266,9/26/14,26,Company Z,789 26th Street,Miami,FL,99999,USA,Anne Larsen,South,9/28/14,Shipping Company C,Run Liu,789 26th Street,Miami,FL,99999,USA,Credit Card,Crab Meat,Canned Meat,18.40,71,1306.40,134.56
1267,9/29/14,29,Company CC,789 29th Street,Denver,CO,99999,USA,Jan Kotas,West,10/1/14,Shipping Company B,Soo Jung Lee,789 29th Street,Denver,CO,99999,USA,Check,Beer,Beverages,14.00,50,700.00,67.20
1268,9/6/14,6,Company F,123 6th Street,Milwaukee,WI,99999,USA,Michael Neipper,North,9/8/14,Shipping Company C,Francisco PŽrez-Olaeta,123 6th Street,Milwaukee,WI,99999,USA,Check,Chocolate,Candy,12.75,96,1224.00,119.95
1270,9/4/14,4,Company D,123 4th Street,New York,NY,99999,USA,Andrew Cencini,East,9/6/14,Shipping Company A,Christina Lee,123 4th Street,New York,NY,99999,USA,Credit Card,Marmalade,"Jams, Preserves",81.00,54,4374.00,437.40
1271,9/4/14,4,Company D,123 4th Street,New York,NY,99999,USA,Andrew Cencini,East,9/6/14,Shipping Company A,Christina Lee,123 4th Street,New York,NY,99999,USA,Credit Card,Long Grain Rice,Grains,7.00,39,273.00,27.30
1273,9/8/14,8,Company H,123 8th Street,Portland,OR,99999,USA,Nancy Freehafer,North,9/10/14,Shipping Company C,Elizabeth Andersen,123 8th Street,Portland,OR,99999,USA,Credit Card,Mozzarella,Dairy Products,34.80,63,2192.40,230.20
1276,9/3/14,3,Company C,123 3rd Street,Los Angelas,CA,99999,USA,Mariya Sergienko,West,9/5/14,Shipping Company B,Thomas Axerr,123 3rd Street,Los Angelas,CA,99999,USA,Cash,Syrup,Condiments,10.00,71,710.00,73.13
1277,9/3/14,3,Company C,123 3rd Street,Los Angelas,CA,99999,USA,Mariya Sergienko,West,9/5/14,Shipping Company B,Thomas Axerr,123 3rd Street,Los Angelas,CA,99999,USA,Cash,Curry Sauce,Sauces,40.00,88,3520.00,366.08
1281,9/10/14,10,Company J,123 10th Street,Chicago,IL,99999,USA,Laura Giussani,East,9/12/14,Shipping Company B,Roland Wacker,123 10th Street,Chicago,IL,99999,USA,Credit Card,Almonds,Dried Fruit & Nuts,10.00,59,590.00,59.59
1282,10/6/14,6,Company F,123 6th Street,Milwaukee,WI,99999,USA,Michael Neipper,North,10/8/14,Shipping Company B,Francisco PŽrez-Olaeta,123 6th Street,Milwaukee,WI,99999,USA,Credit Card,Curry Sauce,Sauces,40.00,94,3760.00,376.00
1283,10/28/14,28,Company BB,789 28th Street,Memphis,TN,99999,USA,Anne Larsen,South,10/30/14,Shipping Company C,Amritansh Raghav,789 28th Street,Memphis,TN,99999,USA,Check,Coffee,Beverages,46.00,86,3956.00,379.78
1284,10/8/14,8,Company H,123 8th Street,Portland,OR,99999,USA,Nancy Freehafer,North,10/10/14,Shipping Company C,Elizabeth Andersen,123 8th Street,Portland,OR,99999,USA,Check,Chocolate,Candy,12.75,61,777.75,78.55
1285,10/10/14,10,Company J,123 10th Street,Chicago,IL,99999,USA,Laura Giussani,East,10/12/14,Shipping Company B,Roland Wacker,123 10th Street,Chicago,IL,99999,USA,Credit Card,Green Tea,Beverages,2.99,32,95.68,9.76
1286,10/7/14,7,Company G,123 7th Street,Boise,ID,99999,USA,Nancy Freehafer,North,NULL,NULL,Ming-Yang Xie,123 7th Street,Boise,ID,99999,USA,NULL,Coffee,Beverages,46.00,62,2852.00,290.90
1287,10/10/14,10,Company J,123 10th Street,Chicago,IL,99999,USA,Laura Giussani,East,10/12/14,Shipping Company A,Roland Wacker,123 10th Street,Chicago,IL,99999,USA,NULL,Boysenberry Spread,"Jams, Preserves",25.00,60,1500.00,154.50
1288,10/10/14,10,Company J,123 10th Street,Chicago,IL,99999,USA,Laura Giussani,East,10/12/14,Shipping Company A,Roland Wacker,123 10th Street,Chicago,IL,99999,USA,NULL,Cajun Seasoning,Condiments,22.00,51,1122.00,109.96
1289,10/10/14,10,Company J,123 10th Street,Chicago,IL,99999,USA,Laura Giussani,East,10/12/14,Shipping Company A,Roland Wacker,123 10th Street,Chicago,IL,99999,USA,NULL,Chocolate Biscuits Mix,Baked Goods & Mixes,9.20,49,450.80,44.63
1290,10/11/14,11,Company K,123 11th Street,Miami,FL,99999,USA,Anne Larsen,South,NULL,Shipping Company C,Peter Krschne,123 11th Street,Miami,FL,99999,USA,NULL,Dried Plums,Dried Fruit & Nuts,3.50,20,70.00,6.93
1291,10/11/14,11,Company K,123 11th Street,Miami,FL,99999,USA,Anne Larsen,South,NULL,Shipping Company C,Peter Krschne,123 11th Street,Miami,FL,99999,USA,NULL,Green Tea,Beverages,2.99,49,146.51,14.65
1292,10/1/14,1,Company A,123 1st Street,Seattle,WA,99999,USA,Nancy Freehafer,North,NULL,NULL,Anna Bedecs,123 1st Street,Seattle,WA,99999,USA,NULL,Chai,Beverages,18.00,22,396.00,38.02
1293,10/1/14,1,Company A,123 1st Street,Seattle,WA,99999,USA,Nancy Freehafer,North,NULL,NULL,Anna Bedecs,123 1st Street,Seattle,WA,99999,USA,NULL,Coffee,Beverages,46.00,73,3358.00,339.16
1294,10/1/14,1,Company A,123 1st Street,Seattle,WA,99999,USA,Nancy Freehafer,North,NULL,NULL,Anna Bedecs,123 1st Street,Seattle,WA,99999,USA,NULL,Green Tea,Beverages,2.99,85,254.15,24.65
1295,10/28/14,28,Company BB,789 28th Street,Memphis,TN,99999,USA,Anne Larsen,South,10/30/14,Shipping Company C,Amritansh Raghav,789 28th Street,Memphis,TN,99999,USA,Credit Card,Clam Chowder,Soups,9.65,44,424.60,44.16
1296,10/28/14,28,Company BB,789 28th Street,Memphis,TN,99999,USA,Anne Larsen,South,10/30/14,Shipping Company C,Amritansh Raghav,789 28th Street,Memphis,TN,99999,USA,Credit Card,Crab Meat,Canned Meat,18.40,24,441.60,42.84
1297,10/9/14,9,Company I,123 9th Street,Salt Lake City,UT,99999,USA,Robert Zare,West,10/11/14,Shipping Company A,Sven Mortensen,123 9th Street,Salt Lake City,UT,99999,USA,Check,Ravioli,Pasta,19.50,64,1248.00,119.81
1298,10/9/14,9,Company I,123 9th Street,Salt Lake City,UT,99999,USA,Robert Zare,West,10/11/14,Shipping Company A,Sven Mortensen,123 9th Street,Salt Lake City,UT,99999,USA,Check,Mozzarella,Dairy Products,34.80,70,2436.00,246.04
1299,10/6/14,6,Company F,123 6th Street,Milwaukee,WI,99999,USA,Michael Neipper,North,10/8/14,Shipping Company B,Francisco PŽrez-Olaeta,123 6th Street,Milwaukee,WI,99999,USA,Credit Card,Beer,Beverages,14.00,98,1372.00,138.57
1300,10/8/14,8,Company H,123 8th Street,Portland,OR,99999,USA,Nancy Freehafer,North,10/10/14,Shipping Company B,Elizabeth Andersen,123 8th Street,Portland,OR,99999,USA,Check,Curry Sauce,Sauces,40.00,48,1920.00,188.16
1301,10/8/14,8,Company H,123 8th Street,Portland,OR,99999,USA,Nancy Freehafer,North,10/10/14,Shipping Company B,Elizabeth Andersen,123 8th Street,Portland,OR,99999,USA,Check,Chocolate Biscuits Mix,Baked Goods & Mixes,9.20,100,920.00,91.08
1302,10/25/14,25,Company Y,789 25th Street,Chicago,IL,99999,USA,Laura Giussani,East,10/27/14,Shipping Company A,John Rodman,789 25th Street,Chicago,IL,99999,USA,Cash,Scones,Baked Goods & Mixes,10.00,90,900.00,87.30
1303,10/26/14,26,Company Z,789 26th Street,Miami,FL,99999,USA,Anne Larsen,South,10/28/14,Shipping Company C,Run Liu,789 26th Street,Miami,FL,99999,USA,Credit Card,Olive Oil,Oil,21.35,49,1046.15,102.52
1304,10/26/14,26,Company Z,789 26th Street,Miami,FL,99999,USA,Anne Larsen,South,10/28/14,Shipping Company C,Run Liu,789 26th Street,Miami,FL,99999,USA,Credit Card,Clam Chowder,Soups,9.65,71,685.15,65.77
1305,10/26/14,26,Company Z,789 26th Street,Miami,FL,99999,USA,Anne Larsen,South,10/28/14,Shipping Company C,Run Liu,789 26th Street,Miami,FL,99999,USA,Credit Card,Crab Meat,Canned Meat,18.40,10,184.00,19.14
1306,10/29/14,29,Company CC,789 29th Street,Denver,CO,99999,USA,Jan Kotas,West,10/31/14,Shipping Company B,Soo Jung Lee,789 29th Street,Denver,CO,99999,USA,Check,Beer,Beverages,14.00,78,1092.00,112.48
1307,10/6/14,6,Company F,123 6th Street,Milwaukee,WI,99999,USA,Michael Neipper,North,10/8/14,Shipping Company C,Francisco PŽrez-Olaeta,123 6th Street,Milwaukee,WI,99999,USA,Check,Chocolate,Candy,12.75,44,561.00,53.86
1309,10/4/14,4,Company D,123 4th Street,New York,NY,99999,USA,Andrew Cencini,East,10/6/14,Shipping Company A,Christina Lee,123 4th Street,New York,NY,99999,USA,Credit Card,Marmalade,"Jams, Preserves",81.00,82,6642.00,697.41
1310,10/4/14,4,Company D,123 4th Street,New York,NY,99999,USA,Andrew Cencini,East,10/6/14,Shipping Company A,Christina Lee,123 4th Street,New York,NY,99999,USA,Credit Card,Long Grain Rice,Grains,7.00,29,203.00,20.30
1312,10/8/14,8,Company H,123 8th Street,Portland,OR,99999,USA,Nancy Freehafer,North,10/10/14,Shipping Company C,Elizabeth Andersen,123 8th Street,Portland,OR,99999,USA,Credit Card,Mozzarella,Dairy Products,34.80,93,3236.40,313.93
1315,10/3/14,3,Company C,123 3rd Street,Los Angelas,CA,99999,USA,Mariya Sergienko,West,10/5/14,Shipping Company B,Thomas Axerr,123 3rd Street,Los Angelas,CA,99999,USA,Cash,Syrup,Condiments,10.00,11,110.00,11.44
1316,10/3/14,3,Company C,123 3rd Street,Los Angelas,CA,99999,USA,Mariya Sergienko,West,10/5/14,Shipping Company B,Thomas Axerr,123 3rd Street,Los Angelas,CA,99999,USA,Cash,Curry Sauce,Sauces,40.00,91,3640.00,364.00
1320,10/10/14,10,Company J,123 10th Street,Chicago,IL,99999,USA,Laura Giussani,East,10/12/14,Shipping Company B,Roland Wacker,123 10th Street,Chicago,IL,99999,USA,Credit Card,Almonds,Dried Fruit & Nuts,10.00,12,120.00,12.36
1322,10/10/14,10,Company J,123 10th Street,Chicago,IL,99999,USA,Laura Giussani,East,NULL,Shipping Company A,Roland Wacker,123 10th Street,Chicago,IL,99999,USA,NULL,Dried Plums,Dried Fruit & Nuts,3.50,78,273.00,27.30
1323,10/11/14,11,Company K,123 11th Street,Miami,FL,99999,USA,Anne Larsen,South,NULL,Shipping Company C,Peter Krschne,123 11th Street,Miami,FL,99999,USA,NULL,Curry Sauce,Sauces,40.00,60,2400.00,228.00
1324,10/1/14,1,Company A,123 1st Street,Seattle,WA,99999,USA,Nancy Freehafer,North,NULL,Shipping Company C,Anna Bedecs,123 1st Street,Seattle,WA,99999,USA,NULL,Crab Meat,Canned Meat,18.40,23,423.20,43.59
1325,10/28/14,28,Company BB,789 28th Street,Memphis,TN,99999,USA,Anne Larsen,South,10/30/14,Shipping Company C,Amritansh Raghav,789 28th Street,Memphis,TN,99999,USA,Credit Card,Coffee,Beverages,46.00,34,1564.00,157.96
1326,10/9/14,9,Company I,123 9th Street,Salt Lake City,UT,99999,USA,Robert Zare,West,10/11/14,Shipping Company A,Sven Mortensen,123 9th Street,Salt Lake City,UT,99999,USA,Check,Clam Chowder,Soups,9.65,89,858.85,86.74
1327,10/6/14,6,Company F,123 6th Street,Milwaukee,WI,99999,USA,Michael Neipper,North,10/8/14,Shipping Company B,Francisco PŽrez-Olaeta,123 6th Street,Milwaukee,WI,99999,USA,Credit Card,Chocolate,Candy,12.75,82,1045.50,103.50
1328,10/8/14,8,Company H,123 8th Street,Portland,OR,99999,USA,Nancy Freehafer,North,10/10/14,Shipping Company B,Elizabeth Andersen,123 8th Street,Portland,OR,99999,USA,Check,Chocolate,Candy,12.75,43,548.25,52.63
1329,11/10/14,10,Company J,123 10th Street,Chicago,IL,99999,USA,Laura Giussani,East,11/12/14,Shipping Company A,Roland Wacker,123 10th Street,Chicago,IL,99999,USA,NULL,Cajun Seasoning,Condiments,22.00,96,2112.00,221.76
1330,11/10/14,10,Company J,123 10th Street,Chicago,IL,99999,USA,Laura Giussani,East,11/12/14,Shipping Company A,Roland Wacker,123 10th Street,Chicago,IL,99999,USA,NULL,Chocolate Biscuits Mix,Baked Goods & Mixes,9.20,34,312.80,31.28
1331,11/11/14,11,Company K,123 11th Street,Miami,FL,99999,USA,Anne Larsen,South,NULL,Shipping Company C,Peter Krschne,123 11th Street,Miami,FL,99999,USA,NULL,Dried Plums,Dried Fruit & Nuts,3.50,42,147.00,15.14
1332,11/11/14,11,Company K,123 11th Street,Miami,FL,99999,USA,Anne Larsen,South,NULL,Shipping Company C,Peter Krschne,123 11th Street,Miami,FL,99999,USA,NULL,Green Tea,Beverages,2.99,100,299.00,30.50
1333,11/1/14,1,Company A,123 1st Street,Seattle,WA,99999,USA,Nancy Freehafer,North,NULL,NULL,Anna Bedecs,123 1st Street,Seattle,WA,99999,USA,NULL,Chai,Beverages,18.00,42,756.00,76.36
1334,11/1/14,1,Company A,123 1st Street,Seattle,WA,99999,USA,Nancy Freehafer,North,NULL,NULL,Anna Bedecs,123 1st Street,Seattle,WA,99999,USA,NULL,Coffee,Beverages,46.00,16,736.00,70.66
1335,11/1/14,1,Company A,123 1st Street,Seattle,WA,99999,USA,Nancy Freehafer,North,NULL,NULL,Anna Bedecs,123 1st Street,Seattle,WA,99999,USA,NULL,Green Tea,Beverages,2.99,22,65.78,6.38
1336,11/28/14,28,Company BB,789 28th Street,Memphis,TN,99999,USA,Anne Larsen,South,11/30/14,Shipping Company C,Amritansh Raghav,789 28th Street,Memphis,TN,99999,USA,Credit Card,Clam Chowder,Soups,9.65,46,443.90,45.72
1337,11/28/14,28,Company BB,789 28th Street,Memphis,TN,99999,USA,Anne Larsen,South,11/30/14,Shipping Company C,Amritansh Raghav,789 28th Street,Memphis,TN,99999,USA,Credit Card,Crab Meat,Canned Meat,18.40,100,1840.00,184.00
1338,11/9/14,9,Company I,123 9th Street,Salt Lake City,UT,99999,USA,Robert Zare,West,11/11/14,Shipping Company A,Sven Mortensen,123 9th Street,Salt Lake City,UT,99999,USA,Check,Ravioli,Pasta,19.50,87,1696.50,174.74
1339,11/9/14,9,Company I,123 9th Street,Salt Lake City,UT,99999,USA,Robert Zare,West,11/11/14,Shipping Company A,Sven Mortensen,123 9th Street,Salt Lake City,UT,99999,USA,Check,Mozzarella,Dairy Products,34.80,58,2018.40,205.88
1340,11/6/14,6,Company F,123 6th Street,Milwaukee,WI,99999,USA,Michael Neipper,North,11/8/14,Shipping Company B,Francisco PŽrez-Olaeta,123 6th Street,Milwaukee,WI,99999,USA,Credit Card,Beer,Beverages,14.00,85,1190.00,120.19
1341,11/8/14,8,Company H,123 8th Street,Portland,OR,99999,USA,Nancy Freehafer,North,11/10/14,Shipping Company B,Elizabeth Andersen,123 8th Street,Portland,OR,99999,USA,Check,Curry Sauce,Sauces,40.00,28,1120.00,110.88
1342,11/8/14,8,Company H,123 8th Street,Portland,OR,99999,USA,Nancy Freehafer,North,11/10/14,Shipping Company B,Elizabeth Andersen,123 8th Street,Portland,OR,99999,USA,Check,Chocolate Biscuits Mix,Baked Goods & Mixes,9.20,19,174.80,17.13
1343,11/25/14,25,Company Y,789 25th Street,Chicago,IL,99999,USA,Laura Giussani,East,11/27/14,Shipping Company A,John Rodman,789 25th Street,Chicago,IL,99999,USA,Cash,Scones,Baked Goods & Mixes,10.00,99,990.00,102.96
1344,11/26/14,26,Company Z,789 26th Street,Miami,FL,99999,USA,Anne Larsen,South,11/28/14,Shipping Company C,Run Liu,789 26th Street,Miami,FL,99999,USA,Credit Card,Olive Oil,Oil,21.35,69,1473.15,153.21
1345,11/26/14,26,Company Z,789 26th Street,Miami,FL,99999,USA,Anne Larsen,South,11/28/14,Shipping Company C,Run Liu,789 26th Street,Miami,FL,99999,USA,Credit Card,Clam Chowder,Soups,9.65,37,357.05,33.92
1346,11/26/14,26,Company Z,789 26th Street,Miami,FL,99999,USA,Anne Larsen,South,11/28/14,Shipping Company C,Run Liu,789 26th Street,Miami,FL,99999,USA,Credit Card,Crab Meat,Canned Meat,18.40,64,1177.60,118.94
1347,11/29/14,29,Company CC,789 29th Street,Denver,CO,99999,USA,Jan Kotas,West,12/1/14,Shipping Company B,Soo Jung Lee,789 29th Street,Denver,CO,99999,USA,Check,Beer,Beverages,14.00,38,532.00,55.33
1348,11/6/14,6,Company F,123 6th Street,Milwaukee,WI,99999,USA,Michael Neipper,North,11/8/14,Shipping Company C,Francisco PŽrez-Olaeta,123 6th Street,Milwaukee,WI,99999,USA,Check,Chocolate,Candy,12.75,15,191.25,18.55
1350,11/4/14,4,Company D,123 4th Street,New York,NY,99999,USA,Andrew Cencini,East,11/6/14,Shipping Company A,Christina Lee,123 4th Street,New York,NY,99999,USA,Credit Card,Marmalade,"Jams, Preserves",81.00,52,4212.00,412.78
1351,11/4/14,4,Company D,123 4th Street,New York,NY,99999,USA,Andrew Cencini,East,11/6/14,Shipping Company A,Christina Lee,123 4th Street,New York,NY,99999,USA,Credit Card,Long Grain Rice,Grains,7.00,37,259.00,25.38
1353,11/8/14,8,Company H,123 8th Street,Portland,OR,99999,USA,Nancy Freehafer,North,11/10/14,Shipping Company C,Elizabeth Andersen,123 8th Street,Portland,OR,99999,USA,Credit Card,Mozzarella,Dairy Products,34.80,24,835.20,80.18
1356,11/3/14,3,Company C,123 3rd Street,Los Angelas,CA,99999,USA,Mariya Sergienko,West,11/5/14,Shipping Company B,Thomas Axerr,123 3rd Street,Los Angelas,CA,99999,USA,Cash,Syrup,Condiments,10.00,36,360.00,37.08
1357,11/3/14,3,Company C,123 3rd Street,Los Angelas,CA,99999,USA,Mariya Sergienko,West,11/5/14,Shipping Company B,Thomas Axerr,123 3rd Street,Los Angelas,CA,99999,USA,Cash,Curry Sauce,Sauces,40.00,24,960.00,96.00
1361,11/10/14,10,Company J,123 10th Street,Chicago,IL,99999,USA,Laura Giussani,East,11/12/14,Shipping Company B,Roland Wacker,123 10th Street,Chicago,IL,99999,USA,Credit Card,Almonds,Dried Fruit & Nuts,10.00,20,200.00,20.00
1363,11/10/14,10,Company J,123 10th Street,Chicago,IL,99999,USA,Laura Giussani,East,NULL,Shipping Company A,Roland Wacker,123 10th Street,Chicago,IL,99999,USA,NULL,Dried Plums,Dried Fruit & Nuts,3.50,11,38.50,3.73
1364,11/11/14,11,Company K,123 11th Street,Miami,FL,99999,USA,Anne Larsen,South,NULL,Shipping Company C,Peter Krschne,123 11th Street,Miami,FL,99999,USA,NULL,Curry Sauce,Sauces,40.00,78,3120.00,299.52
1365,11/1/14,1,Company A,123 1st Street,Seattle,WA,99999,USA,Nancy Freehafer,North,NULL,Shipping Company C,Anna Bedecs,123 1st Street,Seattle,WA,99999,USA,NULL,Crab Meat,Canned Meat,18.40,76,1398.40,144.04
1366,11/28/14,28,Company BB,789 28th Street,Memphis,TN,99999,USA,Anne Larsen,South,11/30/14,Shipping Company C,Amritansh Raghav,789 28th Street,Memphis,TN,99999,USA,Credit Card,Coffee,Beverages,46.00,57,2622.00,272.69
1367,11/9/14,9,Company I,123 9th Street,Salt Lake City,UT,99999,USA,Robert Zare,West,11/11/14,Shipping Company A,Sven Mortensen,123 9th Street,Salt Lake City,UT,99999,USA,Check,Clam Chowder,Soups,9.65,14,135.10,12.97
1368,12/27/14,27,Company AA,789 27th Street,Las Vegas,NV,99999,USA,Mariya Sergienko,West,12/29/14,Shipping Company B,Karen Toh,789 27th Street,Las Vegas,NV,99999,USA,Check,Beer,Beverages,14.00,14,196.00,19.80
1369,12/27/14,27,Company AA,789 27th Street,Las Vegas,NV,99999,USA,Mariya Sergienko,West,12/29/14,Shipping Company B,Karen Toh,789 27th Street,Las Vegas,NV,99999,USA,Check,Dried Plums,Dried Fruit & Nuts,3.50,70,245.00,25.24
1370,12/4/14,4,Company D,123 4th Street,New York,NY,99999,USA,Andrew Cencini,East,12/6/14,Shipping Company A,Christina Lee,123 4th Street,New York,NY,99999,USA,Credit Card,Dried Pears,Dried Fruit & Nuts,30.00,100,3000.00,291.00
1371,12/4/14,4,Company D,123 4th Street,New York,NY,99999,USA,Andrew Cencini,East,12/6/14,Shipping Company A,Christina Lee,123 4th Street,New York,NY,99999,USA,Credit Card,Dried Apples,Dried Fruit & Nuts,53.00,27,1431.00,143.10
1372,12/4/14,4,Company D,123 4th Street,New York,NY,99999,USA,Andrew Cencini,East,12/6/14,Shipping Company A,Christina Lee,123 4th Street,New York,NY,99999,USA,Credit Card,Dried Plums,Dried Fruit & Nuts,3.50,70,245.00,24.01
1373,12/12/14,12,Company L,123 12th Street,Las Vegas,NV,99999,USA,Mariya Sergienko,West,12/14/14,Shipping Company B,John Edwards,123 12th Street,Las Vegas,NV,99999,USA,Credit Card,Chai,Beverages,18.00,57,1026.00,102.60
1374,12/12/14,12,Company L,123 12th Street,Las Vegas,NV,99999,USA,Mariya Sergienko,West,12/14/14,Shipping Company B,John Edwards,123 12th Street,Las Vegas,NV,99999,USA,Credit Card,Coffee,Beverages,46.00,83,3818.00,374.16
1375,12/8/14,8,Company H,123 8th Street,Portland,OR,99999,USA,Nancy Freehafer,North,12/10/14,Shipping Company C,Elizabeth Andersen,123 8th Street,Portland,OR,99999,USA,Credit Card,Chocolate Biscuits Mix,Baked Goods & Mixes,9.20,76,699.20,67.12
1376,12/4/14,4,Company D,123 4th Street,New York,NY,99999,USA,Andrew Cencini,East,12/6/14,Shipping Company C,Christina Lee,123 4th Street,New York,NY,99999,USA,Check,Chocolate Biscuits Mix,Baked Goods & Mixes,9.20,80,736.00,72.86
1377,12/29/14,29,Company CC,789 29th Street,Denver,CO,99999,USA,Jan Kotas,West,12/31/14,Shipping Company B,Soo Jung Lee,789 29th Street,Denver,CO,99999,USA,Check,Chocolate,Candy,12.75,47,599.25,59.33
1378,12/3/14,3,Company C,123 3rd Street,Los Angelas,CA,99999,USA,Mariya Sergienko,West,12/5/14,Shipping Company B,Thomas Axerr,123 3rd Street,Los Angelas,CA,99999,USA,Cash,Clam Chowder,Soups,9.65,96,926.40,94.49
1379,12/6/14,6,Company F,123 6th Street,Milwaukee,WI,99999,USA,Michael Neipper,North,12/8/14,Shipping Company B,Francisco PŽrez-Olaeta,123 6th Street,Milwaukee,WI,99999,USA,Credit Card,Curry Sauce,Sauces,40.00,32,1280.00,134.40
1380,12/28/14,28,Company BB,789 28th Street,Memphis,TN,99999,USA,Anne Larsen,South,12/30/14,Shipping Company C,Amritansh Raghav,789 28th Street,Memphis,TN,99999,USA,Check,Coffee,Beverages,46.00,16,736.00,73.60
1381,12/8/14,8,Company H,123 8th Street,Portland,OR,99999,USA,Nancy Freehafer,North,12/10/14,Shipping Company C,Elizabeth Andersen,123 8th Street,Portland,OR,99999,USA,Check,Chocolate,Candy,12.75,41,522.75,51.23
1382,12/10/14,10,Company J,123 10th Street,Chicago,IL,99999,USA,Laura Giussani,East,12/12/14,Shipping Company B,Roland Wacker,123 10th Street,Chicago,IL,99999,USA,Credit Card,Green Tea,Beverages,2.99,41,122.59,12.87
1383,12/7/14,7,Company G,123 7th Street,Boise,ID,99999,USA,Nancy Freehafer,North,NULL,NULL,Ming-Yang Xie,123 7th Street,Boise,ID,99999,USA,NULL,Coffee,Beverages,46.00,41,1886.00,194.26
1384,12/10/14,10,Company J,123 10th Street,Chicago,IL,99999,USA,Laura Giussani,East,12/12/14,Shipping Company A,Roland Wacker,123 10th Street,Chicago,IL,99999,USA,NULL,Boysenberry Spread,"Jams, Preserves",25.00,94,2350.00,235.00
1385,12/10/14,10,Company J,123 10th Street,Chicago,IL,99999,USA,Laura Giussani,East,12/12/14,Shipping Company A,Roland Wacker,123 10th Street,Chicago,IL,99999,USA,NULL,Cajun Seasoning,Condiments,22.00,20,440.00,46.20
1386,12/10/14,10,Company J,123 10th Street,Chicago,IL,99999,USA,Laura Giussani,East,12/12/14,Shipping Company A,Roland Wacker,123 10th Street,Chicago,IL,99999,USA,NULL,Chocolate Biscuits Mix,Baked Goods & Mixes,9.20,13,119.60,12.44
1387,12/11/14,11,Company K,123 11th Street,Miami,FL,99999,USA,Anne Larsen,South,NULL,Shipping Company C,Peter Krschne,123 11th Street,Miami,FL,99999,USA,NULL,Dried Plums,Dried Fruit & Nuts,3.50,74,259.00,26.94
1388,12/11/14,11,Company K,123 11th Street,Miami,FL,99999,USA,Anne Larsen,South,NULL,Shipping Company C,Peter Krschne,123 11th Street,Miami,FL,99999,USA,NULL,Green Tea,Beverages,2.99,53,158.47,16.01
1389,12/1/14,1,Company A,123 1st Street,Seattle,WA,99999,USA,Nancy Freehafer,North,NULL,NULL,Anna Bedecs,123 1st Street,Seattle,WA,99999,USA,NULL,Chai,Beverages,18.00,99,1782.00,174.64
1390,12/1/14,1,Company A,123 1st Street,Seattle,WA,99999,USA,Nancy Freehafer,North,NULL,NULL,Anna Bedecs,123 1st Street,Seattle,WA,99999,USA,NULL,Coffee,Beverages,46.00,89,4094.00,388.93
1391,12/1/14,1,Company A,123 1st Street,Seattle,WA,99999,USA,Nancy Freehafer,North,NULL,NULL,Anna Bedecs,123 1st Street,Seattle,WA,99999,USA,NULL,Green Tea,Beverages,2.99,64,191.36,19.52
1392,12/28/14,28,Company BB,789 28th Street,Memphis,TN,99999,USA,Anne Larsen,South,12/30/14,Shipping Company C,Amritansh Raghav,789 28th Street,Memphis,TN,99999,USA,Credit Card,Clam Chowder,Soups,9.65,98,945.70,96.46
1393,12/28/14,28,Company BB,789 28th Street,Memphis,TN,99999,USA,Anne Larsen,South,12/30/14,Shipping Company C,Amritansh Raghav,789 28th Street,Memphis,TN,99999,USA,Credit Card,Crab Meat,Canned Meat,18.40,86,1582.40,155.08
1394,12/9/14,9,Company I,123 9th Street,Salt Lake City,UT,99999,USA,Robert Zare,West,12/11/14,Shipping Company A,Sven Mortensen,123 9th Street,Salt Lake City,UT,99999,USA,Check,Ravioli,Pasta,19.50,20,390.00,40.95
1395,12/9/14,9,Company I,123 9th Street,Salt Lake City,UT,99999,USA,Robert Zare,West,12/11/14,Shipping Company A,Sven Mortensen,123 9th Street,Salt Lake City,UT,99999,USA,Check,Mozzarella,Dairy Products,34.80,69,2401.20,240.12
1396,12/6/14,6,Company F,123 6th Street,Milwaukee,WI,99999,USA,Michael Neipper,North,12/8/14,Shipping Company B,Francisco PŽrez-Olaeta,123 6th Street,Milwaukee,WI,99999,USA,Credit Card,Beer,Beverages,14.00,68,952.00,91.39
1397,12/8/14,8,Company H,123 8th Street,Portland,OR,99999,USA,Nancy Freehafer,North,12/10/14,Shipping Company B,Elizabeth Andersen,123 8th Street,Portland,OR,99999,USA,Check,Curry Sauce,Sauces,40.00,52,2080.00,203.84
1398,12/8/14,8,Company H,123 8th Street,Portland,OR,99999,USA,Nancy Freehafer,North,12/10/14,Shipping Company B,Elizabeth Andersen,123 8th Street,Portland,OR,99999,USA,Check,Chocolate Biscuits Mix,Baked Goods & Mixes,9.20,40,368.00,38.64
1399,12/25/14,25,Company Y,789 25th Street,Chicago,IL,99999,USA,Laura Giussani,East,12/27/14,Shipping Company A,John Rodman,789 25th Street,Chicago,IL,99999,USA,Cash,Scones,Baked Goods & Mixes,10.00,100,1000.00,98.00
1400,12/26/14,26,Company Z,789 26th Street,Miami,FL,99999,USA,Anne Larsen,South,12/28/14,Shipping Company C,Run Liu,789 26th Street,Miami,FL,99999,USA,Credit Card,Olive Oil,Oil,21.35,88,1878.80,184.12
1401,12/26/14,26,Company Z,789 26th Street,Miami,FL,99999,USA,Anne Larsen,South,12/28/14,Shipping Company C,Run Liu,789 26th Street,Miami,FL,99999,USA,Credit Card,Clam Chowder,Soups,9.65,46,443.90,42.61
1402,12/26/14,26,Company Z,789 26th Street,Miami,FL,99999,USA,Anne Larsen,South,12/28/14,Shipping Company C,Run Liu,789 26th Street,Miami,FL,99999,USA,Credit Card,Crab Meat,Canned Meat,18.40,93,1711.20,167.70
1403,12/29/14,29,Company CC,789 29th Street,Denver,CO,99999,USA,Jan Kotas,West,12/31/14,Shipping Company B,Soo Jung Lee,789 29th Street,Denver,CO,99999,USA,Check,Beer,Beverages,14.00,96,1344.00,141.12
1404,12/6/14,6,Company F,123 6th Street,Milwaukee,WI,99999,USA,Michael Neipper,North,12/8/14,Shipping Company C,Francisco PŽrez-Olaeta,123 6th Street,Milwaukee,WI,99999,USA,Check,Chocolate,Candy,12.75,12,153.00,16.07
1406,12/4/14,4,Company D,123 4th Street,New York,NY,99999,USA,Andrew Cencini,East,12/6/14,Shipping Company A,Christina Lee,123 4th Street,New York,NY,99999,USA,Credit Card,Marmalade,"Jams, Preserves",81.00,38,3078.00,292.41
1407,12/4/14,4,Company D,123 4th Street,New York,NY,99999,USA,Andrew Cencini,East,12/6/14,Shipping Company A,Christina Lee,123 4th Street,New York,NY,99999,USA,Credit Card,Long Grain Rice,Grains,7.00,42,294.00,29.11
1409,12/8/14,8,Company H,123 8th Street,Portland,OR,99999,USA,Nancy Freehafer,North,12/10/14,Shipping Company C,Elizabeth Andersen,123 8th Street,Portland,OR,99999,USA,Credit Card,Mozzarella,Dairy Products,34.80,100,3480.00,344.52
1412,12/3/14,3,Company C,123 3rd Street,Los Angelas,CA,99999,USA,Mariya Sergienko,West,12/5/14,Shipping Company B,Thomas Axerr,123 3rd Street,Los Angelas,CA,99999,USA,Cash,Syrup,Condiments,10.00,89,890.00,87.22
1413,12/3/14,3,Company C,123 3rd Street,Los Angelas,CA,99999,USA,Mariya Sergienko,West,12/5/14,Shipping Company B,Thomas Axerr,123 3rd Street,Los Angelas,CA,99999,USA,Cash,Curry Sauce,Sauces,40.00,12,480.00,46.56
1417,12/10/14,10,Company J,123 10th Street,Chicago,IL,99999,USA,Laura Giussani,East,12/12/14,Shipping Company B,Roland Wacker,123 10th Street,Chicago,IL,99999,USA,Credit Card,Almonds,Dried Fruit & Nuts,10.00,97,970.00,100.88
1419,12/10/14,10,Company J,123 10th Street,Chicago,IL,99999,USA,Laura Giussani,East,NULL,Shipping Company A,Roland Wacker,123 10th Street,Chicago,IL,99999,USA,NULL,Dried Plums,Dried Fruit & Nuts,3.50,53,185.50,17.62
1420,12/11/14,11,Company K,123 11th Street,Miami,FL,99999,USA,Anne Larsen,South,NULL,Shipping Company C,Peter Krschne,123 11th Street,Miami,FL,99999,USA,NULL,Curry Sauce,Sauces,40.00,61,2440.00,248.88
1421,12/1/14,1,Company A,123 1st Street,Seattle,WA,99999,USA,Nancy Freehafer,North,NULL,Shipping Company C,Anna Bedecs,123 1st Street,Seattle,WA,99999,USA,NULL,Crab Meat,Canned Meat,18.40,45,828.00,81.14
1422,12/28/14,28,Company BB,789 28th Street,Memphis,TN,99999,USA,Anne Larsen,South,12/30/14,Shipping Company C,Amritansh Raghav,789 28th Street,Memphis,TN,99999,USA,Credit Card,Coffee,Beverages,46.00,43,1978.00,197.80
1423,12/9/14,9,Company I,123 9th Street,Salt Lake City,UT,99999,USA,Robert Zare,West,12/11/14,Shipping Company A,Sven Mortensen,123 9th Street,Salt Lake City,UT,99999,USA,Check,Clam Chowder,Soups,9.65,18,173.70,16.50
1424,12/6/14,6,Company F,123 6th Street,Milwaukee,WI,99999,USA,Michael Neipper,North,12/8/14,Shipping Company B,Francisco PŽrez-Olaeta,123 6th Street,Milwaukee,WI,99999,USA,Credit Card,Chocolate,Candy,12.75,41,522.75,50.71
1425,12/8/14,8,Company H,123 8th Street,Portland,OR,99999,USA,Nancy Freehafer,North,12/10/14,Shipping Company B,Elizabeth Andersen,123 8th Street,Portland,OR,99999,USA,Check,Chocolate,Candy,12.75,19,242.25,23.98
1426,12/25/14,25,Company Y,789 25th Street,Chicago,IL,99999,USA,Laura Giussani,East,12/27/14,Shipping Company A,John Rodman,789 25th Street,Chicago,IL,99999,USA,Cash,Cajun Seasoning,Condiments,22.00,65,1430.00,138.71
1427,12/26/14,26,Company Z,789 26th Street,Miami,FL,99999,USA,Anne Larsen,South,12/28/14,Shipping Company C,Run Liu,789 26th Street,Miami,FL,99999,USA,Credit Card,Boysenberry Spread,"Jams, Preserves",25.00,13,325.00,32.18
1428,12/29/14,29,Company CC,789 29th Street,Denver,CO,99999,USA,Jan Kotas,West,12/31/14,Shipping Company B,Soo Jung Lee,789 29th Street,Denver,CO,99999,USA,Check,Fruit Cocktail,Fruit & Veg,39.00,54,2106.00,214.81
1429,12/6/14,6,Company F,123 6th Street,Milwaukee,WI,99999,USA,Michael Neipper,North,12/8/14,Shipping Company C,Francisco PŽrez-Olaeta,123 6th Street,Milwaukee,WI,99999,USA,Check,Dried Pears,Dried Fruit & Nuts,30.00,33,990.00,95.04
1430,12/6/14,6,Company F,123 6th Street,Milwaukee,WI,99999,USA,Michael Neipper,North,12/8/14,Shipping Company C,Francisco PŽrez-Olaeta,123 6th Street,Milwaukee,WI,99999,USA,Check,Dried Apples,Dried Fruit & Nuts,53.00,34,1802.00,185.61
1431,12/4/14,4,Company D,123 4th Street,New York,NY,99999,USA,Andrew Cencini,East,NULL,NULL,Christina Lee,123 4th Street,New York,NY,99999,USA,NULL,Gnocchi,Pasta,38.00,59,2242.00,226.44
1432,12/3/14,3,Company C,123 3rd Street,Los Angelas,CA,99999,USA,Mariya Sergienko,West,NULL,NULL,Thomas Axerr,123 3rd Street,Los Angelas,CA,99999,USA,NULL,Green Tea,Beverages,2.99,24,71.76,7.10